,incident_severity_Total Loss,insured_hobbies_cross-fit,insured_hobbies_chess,incident_severity_Minor Damage,auto_model_X6,auto_make_Volkswagen,insured_occupation_craft-repair,insured_relationship_wife,insured_hobbies_hiking,auto_model_95,auto_model_Neon,insured_relationship_own-child,auto_make_Honda,vehicle_claim,insured_education_level_College,insured_hobbies_reading,insured_relationship_not-in-family,insured_occupation_tech-support,insured_occupation_armed-forces,auto_model_A5,insured_hobbies_camping,auto_model_Malibu,insured_education_level_Masters,incident_state_WV,auto_model_Civic,insured_hobbies_skydiving,insured_occupation_handlers-cleaners,incident_state_VA,insured_relationship_other-relative,insured_hobbies_video-games,collision_type_Rear Collision,collision_type_Side Collision,insured_hobbies_yachting,fraud_reported
0,0,0,0,0,0,0,1,0,0,0,0,0,0,52080,0,0,0,0,0,0,0,0,0,0,0,0,0,0,0,0,0,1,0,1
1,0,0,0,1,0,0,0,0,0,0,0,0,0,3510,0,1,0,0,0,0,0,0,0,0,0,0,0,1,1,0,0,0,0,1
2,0,0,0,1,0,0,0,0,0,0,0,1,0,23100,0,0,0,0,0,0,0,0,0,0,0,0,0,0,0,0,1,0,0,0
3,0,0,0,0,0,0,0,0,0,0,0,0,0,50720,0,0,0,0,1,0,0,0,0,0,0,0,0,0,0,0,0,0,0,1
4,0,0,0,1,0,0,0,0,0,0,0,0,0,4550,0,0,0,0,0,0,0,0,0,0,0,0,0,0,0,0,0,0,0,0
5,0,0,0,0,0,0,0,0,0,1,0,0,0,51280,0,0,0,1,0,0,0,0,0,0,0,0,0,0,0,0,1,0,0,1
6,0,0,0,1,0,0,0,0,0,0,0,0,0,50050,0,0,0,0,0,0,0,0,0,0,0,0,0,0,0,0,0,0,0,0
7,1,0,0,0,0,0,0,0,0,0,0,0,0,32830,0,0,0,1,0,1,0,0,0,0,0,0,0,1,0,0,0,0,0,0
8,1,0,0,0,0,0,0,0,0,0,0,1,0,22160,0,0,0,0,0,0,0,0,0,1,0,0,0,0,0,0,0,0,0,0
9,1,0,0,0,0,0,0,1,0,0,0,0,0,32900,0,0,0,0,0,0,1,0,0,0,0,0,0,0,0,0,1,0,0,0
10,1,0,0,0,0,0,0,0,0,0,0,0,0,63280,0,0,0,0,0,0,0,0,1,0,0,0,0,0,1,0,0,0,0,0
11,0,0,0,0,0,0,0,0,0,0,0,0,0,79560,0,0,0,0,0,0,0,0,0,0,0,1,0,0,1,0,0,0,0,0
12,1,0,0,0,0,0,0,1,0,1,0,0,0,42390,0,1,0,0,0,0,0,0,0,0,0,0,0,0,0,0,1,0,0,0
13,0,0,0,1,0,0,0,1,0,0,0,0,0,5040,0,0,0,0,1,0,0,0,0,0,0,0,0,0,0,0,0,0,0,0
14,1,0,0,0,0,0,0,0,0,0,1,0,0,33600,1,0,1,0,0,0,0,0,0,0,0,0,0,0,0,0,1,0,0,1
15,0,0,0,0,0,0,0,0,0,0,0,0,0,42080,0,0,0,0,0,0,0,0,0,1,0,0,0,0,1,0,0,1,0,1
16,0,0,0,0,0,0,0,0,1,0,0,1,0,40530,1,0,0,0,0,0,0,0,0,0,0,0,0,0,0,0,1,0,0,0
17,1,0,0,0,0,0,0,0,0,0,0,0,0,56640,0,1,0,0,0,0,0,0,0,1,0,0,0,0,0,0,0,1,0,0
18,1,0,0,0,0,0,1,0,0,0,0,0,0,53040,0,0,0,0,0,0,0,0,0,0,0,0,0,0,1,0,0,1,1,0
19,0,0,0,0,0,0,0,0,0,0,0,1,0,48320,0,0,0,0,0,0,1,0,0,0,0,0,1,1,0,0,0,1,0,0
20,0,0,0,1,0,0,0,0,0,0,0,1,0,41920,0,0,0,0,0,0,0,0,0,0,0,0,0,0,0,0,1,0,0,0
21,1,0,0,0,0,0,0,0,0,0,0,1,0,33110,0,0,0,0,0,0,0,0,0,0,0,1,0,0,0,0,0,1,0,0
22,0,0,0,0,0,0,0,0,0,0,0,0,0,47680,0,0,0,0,0,0,0,0,0,0,0,0,0,0,1,0,1,0,0,1
23,1,0,1,0,0,0,0,0,0,0,0,1,0,73620,0,0,0,0,0,0,0,0,0,1,0,0,0,0,0,0,0,0,0,1
24,0,0,0,1,0,0,1,0,0,0,0,0,0,56640,1,0,0,0,0,0,0,0,0,0,0,0,0,1,0,0,1,0,0,0
25,0,0,0,0,0,0,0,0,0,0,0,1,0,44000,0,0,0,0,0,0,0,0,1,0,0,0,0,0,0,0,1,0,0,1
26,0,0,0,1,0,0,0,0,0,0,0,1,0,6560,0,0,0,0,0,0,0,0,0,0,0,0,0,0,0,0,0,0,0,0
27,0,0,1,1,0,0,0,0,0,0,0,0,0,4160,0,0,1,0,0,0,0,0,0,0,0,0,0,1,0,0,0,0,0,1
28,0,0,0,1,0,0,0,0,0,0,1,0,0,46560,0,0,1,0,0,0,0,0,0,0,0,0,0,0,0,0,0,1,0,0
29,0,0,0,1,0,0,0,0,0,0,0,0,0,63450,0,0,0,0,0,0,0,0,0,0,0,0,0,0,0,0,1,0,0,0
30,0,0,0,0,0,0,0,0,0,0,0,0,0,50400,0,0,0,0,0,0,0,0,1,0,0,0,0,0,0,1,0,1,0,0
31,0,0,0,0,0,0,1,0,0,0,0,0,0,52220,0,1,0,0,0,0,0,0,0,1,0,0,0,0,0,0,0,1,0,1
32,1,0,0,0,0,0,0,0,0,0,0,0,0,23170,0,0,0,0,0,0,0,0,0,0,0,0,0,0,1,0,0,0,1,0
33,0,0,0,0,0,0,0,1,0,0,0,0,0,49070,0,0,0,0,0,0,0,0,0,0,0,0,0,0,0,1,0,0,0,0
34,1,0,0,0,0,0,0,0,0,0,0,1,0,48600,0,0,0,0,0,0,0,0,0,1,0,0,0,0,0,0,0,1,1,0
35,0,0,0,0,0,0,1,0,0,0,0,0,0,37170,0,1,1,0,0,0,0,0,0,1,0,0,0,0,0,0,0,0,0,1
36,1,0,0,0,0,0,0,0,0,0,0,0,0,48160,0,0,0,0,0,0,1,0,1,0,0,0,0,0,0,0,1,0,0,1
37,0,0,0,1,0,0,0,0,0,0,0,0,0,3280,0,0,0,0,0,0,0,0,0,1,0,0,0,0,0,0,0,0,0,0
38,0,0,0,0,0,0,1,0,0,0,0,0,0,43610,0,0,0,0,0,0,0,0,0,0,0,0,0,0,0,0,1,0,0,0
39,0,0,0,0,0,0,0,1,0,0,0,0,0,38290,0,0,0,1,0,0,0,0,0,0,0,0,0,0,0,1,0,0,0,1
40,0,0,0,1,0,0,0,0,0,0,0,0,0,28000,0,0,1,1,0,0,0,0,0,1,0,0,0,0,0,0,1,0,0,0
41,0,0,1,0,0,0,0,0,0,0,0,0,0,64720,0,0,0,0,0,0,0,0,0,1,0,0,0,0,0,0,0,1,0,1
42,0,0,0,1,0,0,0,0,1,0,0,0,0,40180,1,0,0,0,0,0,0,0,0,0,0,0,0,0,0,0,0,1,0,0
43,1,0,0,0,0,0,0,0,0,0,0,1,0,39760,0,1,0,0,0,0,0,0,0,0,0,0,0,0,0,0,1,0,0,0
44,0,0,0,1,0,0,0,0,0,0,0,0,0,33840,0,1,0,0,0,0,0,0,0,0,0,0,0,0,0,0,0,0,0,0
45,1,0,0,0,0,0,0,0,0,0,0,0,0,48230,0,0,0,0,0,0,0,0,0,0,0,0,0,0,0,0,1,0,1,0
46,1,0,0,0,0,0,0,0,0,0,0,0,1,63090,0,0,0,0,0,0,0,0,0,0,1,0,0,0,0,0,1,0,0,0
47,0,0,0,0,0,0,0,0,0,0,0,0,0,50240,1,0,0,0,0,0,0,0,0,1,0,0,0,0,0,0,0,0,0,1
48,0,0,0,0,0,1,0,0,0,0,0,0,0,5670,0,0,0,0,0,0,0,0,0,0,0,0,0,0,1,0,0,0,0,0
49,1,0,0,0,0,0,0,1,0,0,0,0,0,53620,0,0,0,0,0,0,0,0,1,1,0,0,0,0,0,0,1,0,0,0
50,0,0,0,1,0,0,0,0,0,0,0,1,0,57260,0,0,0,0,0,0,0,0,0,0,0,0,0,0,0,0,0,0,0,0
51,0,0,0,0,0,0,0,0,0,0,0,0,0,5280,0,0,0,0,0,0,0,0,0,0,0,0,0,0,0,0,0,0,0,0
52,0,0,0,1,0,0,0,0,0,0,0,0,0,3440,1,0,1,0,1,0,0,0,0,1,0,0,0,0,0,0,0,0,0,0
53,0,0,0,0,0,0,0,0,0,0,0,0,0,44870,0,0,0,0,0,0,0,0,0,0,0,0,0,0,0,0,0,1,0,0
54,0,0,0,1,0,0,0,0,0,0,0,0,0,1680,0,0,1,0,0,0,0,0,0,0,0,0,0,1,0,0,0,0,0,0
55,0,0,0,1,0,0,1,0,0,0,0,0,0,55230,0,0,1,0,0,0,0,0,0,0,0,1,0,0,0,0,1,0,0,0
56,0,0,1,0,0,0,0,0,0,0,0,0,1,50160,0,0,0,0,0,0,0,0,0,0,0,0,0,0,0,0,0,0,0,0
57,0,0,0,1,0,0,0,0,1,0,0,1,0,1800,0,0,0,0,0,0,0,0,1,0,0,0,0,1,0,0,0,0,0,0
58,1,0,0,0,0,0,0,0,0,0,0,0,0,51170,0,0,0,0,0,0,0,0,0,1,0,0,0,0,0,0,0,0,1,0
59,0,0,0,1,0,0,0,0,0,0,0,1,0,45760,0,0,0,0,0,0,0,0,0,0,0,0,0,1,0,0,0,1,0,0
60,0,0,0,0,0,0,0,0,0,0,0,0,0,54040,0,0,0,0,0,0,0,0,0,0,0,0,0,0,1,0,1,0,0,1
61,1,0,0,0,0,0,0,0,0,0,0,0,1,33210,0,0,0,0,0,0,0,0,0,0,0,0,1,0,0,0,0,1,0,0
62,0,0,0,1,0,0,0,0,0,0,0,0,0,39410,0,0,0,0,1,0,0,0,0,1,0,0,0,0,0,0,0,1,0,0
63,0,0,0,0,0,0,0,0,0,0,0,1,0,51390,0,0,0,0,0,0,0,0,0,1,0,0,0,0,0,1,0,0,0,1
64,1,0,1,0,0,0,0,0,0,0,0,0,0,45990,0,0,1,0,0,0,0,0,0,0,0,0,0,1,0,0,1,0,0,1
65,0,0,1,1,0,0,0,0,0,0,1,0,0,61740,0,0,0,0,0,0,0,0,0,0,0,0,0,0,1,0,0,0,0,1
66,0,0,0,1,0,0,0,0,0,0,0,0,0,62100,0,0,1,1,0,1,0,0,0,0,0,0,0,0,0,0,0,1,0,1
67,0,0,0,1,1,0,0,0,0,0,0,0,0,30160,0,1,0,0,0,0,0,0,0,1,0,0,0,0,0,0,0,1,0,0
68,0,0,0,0,0,0,0,0,0,0,0,1,0,49840,0,0,0,0,0,1,0,0,0,1,0,0,0,0,0,0,0,0,0,0
69,0,0,0,1,0,0,0,0,0,0,0,1,0,2580,0,0,0,0,0,0,0,0,0,0,0,0,0,0,0,0,0,0,0,0
70,0,0,0,0,0,0,0,0,0,0,0,1,0,49680,0,0,0,0,0,0,0,0,0,0,0,0,0,0,0,0,0,1,0,1
71,1,1,0,0,0,0,0,0,0,0,0,0,1,47670,0,0,1,0,1,0,0,0,0,1,1,0,0,0,0,0,0,0,0,1
72,0,0,0,1,0,0,0,0,0,0,0,0,0,27090,0,0,0,0,0,0,0,1,0,0,0,0,0,0,0,0,1,0,0,0
73,0,0,0,1,0,0,0,0,0,0,0,0,0,42840,1,0,1,0,0,0,0,0,0,0,0,0,0,0,0,0,1,0,0,0
74,0,0,0,1,1,0,0,1,0,0,0,0,0,28620,0,0,0,0,0,0,0,0,0,0,0,0,0,1,0,0,0,1,1,0
75,1,0,0,0,0,0,0,0,0,0,0,0,0,34140,0,0,0,0,0,0,0,0,0,0,0,0,0,0,1,0,0,0,0,0
76,0,0,0,1,0,0,0,0,0,0,0,0,0,67050,1,0,0,0,0,0,0,0,0,0,0,0,1,0,0,0,0,0,0,0
77,1,0,0,0,0,0,0,0,0,0,0,0,0,38010,1,0,1,0,0,0,0,0,0,1,0,0,0,0,0,0,0,0,0,0
78,0,0,0,1,0,0,0,1,0,1,0,0,0,5580,0,0,0,0,0,0,0,0,0,0,0,0,0,0,0,0,0,0,0,0
79,0,0,0,0,0,0,0,0,0,0,0,0,0,50540,0,0,0,0,0,0,0,0,0,0,0,0,1,0,0,0,1,0,0,1
80,0,0,0,1,0,0,0,0,0,0,0,0,0,30480,0,0,0,0,0,0,0,0,0,0,0,0,0,0,0,0,0,1,0,0
81,0,0,0,0,0,0,0,1,0,0,0,0,0,4620,0,0,0,0,0,0,0,0,1,0,0,0,0,0,0,1,0,0,0,0
82,0,0,0,1,0,0,0,0,0,0,0,0,0,5250,0,0,0,0,0,0,0,0,1,0,0,0,0,0,1,0,0,0,0,0
83,0,0,0,0,0,1,0,1,0,0,0,0,0,4130,0,0,0,0,0,0,0,0,0,0,0,0,0,1,0,1,0,0,0,0
84,0,0,0,0,0,0,0,0,0,0,0,0,0,44320,0,0,1,0,0,0,0,0,1,0,0,0,0,0,0,0,0,1,0,1
85,0,0,0,0,0,0,0,0,0,0,0,1,0,40810,0,0,0,0,0,0,0,0,0,0,0,0,0,0,0,0,0,0,0,0
86,0,0,0,1,0,0,0,0,0,0,0,0,0,45600,0,0,0,0,0,0,0,0,0,0,0,0,0,0,0,0,0,0,1,0
87,1,0,0,0,0,0,0,0,0,0,0,1,0,40880,0,0,0,0,0,0,0,0,0,0,0,0,0,1,0,0,0,1,1,0
88,0,0,0,0,0,0,0,0,0,0,1,0,0,3290,1,0,1,0,0,0,0,0,0,1,0,0,0,0,0,0,0,0,0,0
89,0,0,0,0,0,0,0,0,0,0,0,0,0,39480,1,0,1,0,0,0,0,0,0,0,0,0,0,0,0,0,0,1,0,1
90,1,0,0,0,0,0,0,0,0,0,0,1,0,46350,0,0,0,0,0,0,0,0,0,0,0,0,0,0,0,0,0,0,0,0
91,0,0,0,0,0,0,0,0,0,0,0,1,1,71520,0,0,0,1,0,0,0,0,0,0,0,0,0,0,0,0,0,1,0,1
92,0,0,0,0,0,0,0,0,0,0,0,1,0,4720,0,0,0,0,0,0,0,0,0,1,0,0,0,0,0,0,0,0,1,0
93,0,0,0,0,0,0,0,0,0,0,0,0,0,53010,0,0,1,0,0,0,0,0,0,0,0,0,0,0,0,0,0,0,0,0
94,1,0,0,0,0,0,0,0,1,0,0,0,0,68160,0,0,1,0,0,0,0,0,0,0,0,0,0,0,0,0,1,0,0,0
95,0,0,0,1,0,0,0,0,0,0,0,0,0,5040,0,0,0,0,1,0,0,0,0,0,0,0,0,0,0,0,0,0,0,0
96,0,0,0,0,0,0,0,0,1,0,0,0,0,59670,0,0,1,0,0,0,0,0,0,0,0,0,0,1,0,0,0,1,0,1
97,0,0,0,1,0,0,0,0,0,0,0,1,0,50470,0,0,0,0,0,0,0,0,1,0,0,1,0,0,0,0,1,0,0,1
98,0,0,0,0,0,0,0,1,0,1,0,0,0,3600,1,0,0,0,0,0,0,0,0,1,0,0,0,0,0,0,0,0,0,0
99,0,0,0,0,0,0,0,0,0,0,0,0,0,4200,1,1,1,0,0,0,0,0,0,0,0,0,0,0,0,0,0,0,0,0
100,0,0,0,1,0,0,0,0,0,0,0,0,0,47580,1,0,1,0,0,0,0,0,0,0,0,0,0,0,0,0,1,0,1,0
101,0,0,0,0,0,0,0,0,0,1,0,0,0,36960,1,0,0,1,0,0,0,0,0,1,0,0,0,0,0,0,0,1,0,0
102,0,0,0,1,0,0,0,0,0,0,0,0,0,25200,0,0,0,0,0,0,0,0,0,0,0,0,0,0,0,0,0,0,0,0
103,0,0,0,1,0,0,0,0,0,0,0,0,0,2310,0,0,0,1,0,0,0,0,0,1,0,0,0,0,1,0,0,0,0,0
104,1,0,0,0,0,0,0,1,0,0,0,0,0,70110,1,0,0,0,0,0,0,1,0,0,0,0,0,0,0,0,0,1,0,0
105,0,0,0,1,0,0,0,0,0,0,0,0,0,3360,1,0,0,0,0,0,0,0,0,1,0,0,0,0,0,0,0,0,0,0
106,0,0,0,0,0,0,0,0,0,1,0,0,0,53200,0,0,0,0,0,0,0,0,0,0,0,0,0,1,0,0,1,0,0,1
107,0,0,0,0,0,1,0,0,0,0,0,1,0,51940,0,0,0,0,0,0,1,0,0,1,0,0,1,0,0,0,0,0,0,0
108,0,0,0,0,0,0,0,0,0,0,0,0,0,48870,0,0,0,0,0,0,0,0,0,0,0,0,0,0,1,0,0,0,0,1
109,0,0,1,0,0,0,0,0,0,0,0,0,0,44320,0,0,0,0,0,0,0,0,1,0,0,0,0,0,0,0,1,0,0,1
110,0,0,0,1,0,0,0,0,0,0,0,0,0,52290,1,0,0,0,0,0,0,0,0,0,0,0,0,0,0,1,1,0,0,0
111,0,0,0,0,0,0,1,0,0,0,0,0,0,49000,0,0,0,0,0,0,0,0,0,0,0,0,0,0,0,0,0,0,0,1
112,1,0,0,0,0,0,0,0,0,0,0,0,0,51590,0,0,0,0,0,0,0,0,0,1,0,0,0,0,1,0,1,0,0,0
113,0,0,0,0,0,0,0,0,0,0,0,1,0,33670,0,0,0,0,0,0,1,0,0,0,0,0,0,1,0,0,0,1,0,0
114,0,0,0,1,0,0,0,0,0,0,0,0,0,4720,0,1,0,0,1,0,0,0,0,0,0,0,0,1,1,0,0,0,0,0
115,1,0,0,0,0,0,0,0,1,0,0,0,0,33390,0,0,0,0,0,0,0,0,0,0,0,0,0,0,1,0,0,1,0,1
116,0,0,0,1,0,0,0,0,0,0,0,0,0,32620,0,0,0,0,0,0,0,0,0,0,0,0,0,0,1,0,1,0,0,0
117,0,0,0,0,0,0,0,0,0,0,0,0,0,51200,0,0,0,0,0,0,0,0,0,0,0,0,0,0,0,0,0,1,0,1
118,0,0,0,1,0,0,0,0,0,0,0,0,0,63000,0,0,1,0,0,0,0,0,0,0,0,0,0,0,0,0,1,0,1,0
119,0,0,0,1,0,0,0,0,0,0,0,0,0,52960,0,0,0,0,0,0,1,0,0,0,0,0,0,0,0,0,1,0,0,0
120,0,0,0,1,0,1,0,0,0,0,0,0,0,41580,0,0,0,0,0,0,0,0,0,0,0,0,0,0,1,0,0,1,0,0
121,0,0,0,0,0,0,0,0,0,0,0,0,0,51040,0,0,0,0,0,0,0,0,0,0,0,0,0,0,1,1,0,0,0,1
122,0,0,0,0,0,0,0,0,0,0,0,0,0,49280,0,0,1,0,0,0,0,0,1,0,0,1,0,1,0,0,0,0,0,1
123,1,0,0,0,0,0,0,0,0,0,0,0,0,51420,1,0,0,0,0,0,0,0,0,0,0,0,0,0,1,0,0,0,0,0
124,1,0,0,0,0,0,0,0,0,0,0,0,0,28000,0,0,1,0,0,0,0,0,0,1,0,0,0,0,0,0,1,0,0,0
125,1,0,0,0,0,0,1,0,0,0,0,0,0,23100,0,0,0,0,0,0,0,0,0,0,0,0,0,0,0,0,1,0,0,0
126,1,0,0,0,0,0,0,0,0,0,0,0,0,28800,0,0,0,0,0,0,0,0,0,1,0,0,0,0,0,1,0,1,0,0
127,0,0,0,1,0,0,0,0,0,0,0,1,0,2970,0,0,0,1,0,0,0,0,0,0,0,0,0,0,0,0,0,0,0,0
128,0,0,0,0,0,0,0,1,0,0,0,0,0,42560,1,0,0,0,0,0,0,0,0,0,0,0,0,0,0,0,0,0,0,1
129,0,0,0,0,0,0,0,0,0,0,0,0,0,34790,0,0,0,0,0,0,0,0,1,0,0,0,0,0,0,0,0,0,0,1
130,0,0,0,1,0,0,0,1,0,0,0,0,0,56480,0,0,0,0,0,0,1,0,0,0,0,0,0,0,0,0,0,0,0,0
131,0,0,0,0,0,0,0,0,0,0,0,1,0,43050,0,0,0,0,0,0,0,0,1,1,0,0,0,0,0,0,0,0,0,0
132,0,0,0,0,0,0,0,0,0,0,0,0,0,34000,0,0,0,1,0,0,0,0,1,0,0,0,0,0,0,0,0,0,0,0
133,1,0,0,0,0,0,0,1,0,0,0,0,0,32760,0,0,0,0,0,0,0,0,0,1,0,1,0,0,0,0,0,1,0,0
134,0,0,0,1,0,0,0,0,0,0,0,0,0,52080,0,0,0,0,0,0,0,0,0,1,0,0,0,0,0,0,0,1,0,0
135,0,0,0,0,0,1,0,0,0,0,0,0,0,48440,1,0,0,0,0,0,0,0,0,0,0,0,0,0,1,0,1,0,1,1
136,0,0,0,1,0,0,0,0,0,0,0,0,0,2870,0,0,0,0,0,0,0,0,0,0,0,0,0,1,1,0,0,0,0,0
137,0,0,0,1,0,0,0,0,0,0,0,0,0,52400,0,0,1,1,0,0,0,0,0,0,0,0,0,0,0,0,1,0,0,0
138,0,0,0,1,0,0,0,1,0,0,0,0,0,55360,0,0,0,0,0,0,0,0,0,0,0,0,0,0,0,0,1,0,0,0
139,1,0,0,0,0,0,0,0,1,0,0,0,0,49040,0,0,1,0,0,0,0,0,0,0,0,0,0,1,0,0,0,0,0,0
140,1,0,0,0,0,0,0,0,0,0,0,0,0,37840,0,0,0,0,0,0,1,0,1,0,0,0,0,0,1,0,1,0,0,0
141,0,0,0,0,0,0,0,1,0,0,0,0,0,3760,0,0,0,0,0,0,0,0,1,0,0,0,0,0,0,1,0,0,0,0
142,0,0,0,1,0,0,0,0,0,0,0,1,0,5040,0,0,0,0,0,0,0,0,0,0,0,0,0,0,0,1,0,0,0,0
143,0,0,0,0,0,0,0,0,0,0,0,0,0,49560,0,0,0,0,0,0,0,0,0,0,0,0,0,0,1,0,1,0,1,1
144,1,0,0,0,0,0,0,1,0,0,0,0,0,35490,0,0,0,0,0,0,0,0,0,1,0,0,0,0,0,1,1,0,0,0
145,0,1,0,0,0,0,0,1,0,0,0,0,0,76400,0,0,0,0,0,0,0,0,0,0,0,0,0,0,0,0,0,0,0,1
146,0,0,0,0,1,0,0,0,0,0,0,0,0,44800,0,0,1,1,0,0,0,0,1,0,0,0,0,0,0,0,0,1,0,1
147,0,0,0,1,0,0,0,0,0,0,0,0,0,37840,0,0,0,0,0,0,0,0,0,1,0,0,0,0,1,0,0,0,0,0
148,0,0,0,0,0,1,0,0,0,0,0,0,0,53760,0,1,1,0,0,0,0,0,0,0,0,0,0,0,0,0,1,0,0,1
149,0,0,0,0,0,0,1,0,0,0,0,0,0,77760,0,0,1,0,0,0,0,0,0,0,0,1,0,0,0,0,0,1,0,1
150,1,0,0,0,0,0,0,1,0,0,0,0,0,60160,0,0,0,0,0,0,0,0,0,0,0,0,0,0,0,0,0,1,0,0
151,0,0,0,0,0,0,0,0,0,0,0,0,0,32040,0,0,0,0,0,0,0,0,1,0,0,0,0,0,0,0,1,0,0,0
152,1,0,0,0,0,1,0,0,0,0,0,1,0,44010,0,0,0,0,0,0,0,0,0,0,0,0,0,0,0,0,1,0,0,1
153,1,0,0,0,0,0,1,0,0,0,0,1,0,42160,0,0,0,0,0,0,0,0,1,1,0,0,0,0,0,0,1,0,0,0
154,0,0,0,1,0,0,0,0,0,0,0,1,0,36160,0,1,0,0,0,0,0,0,1,0,0,0,0,0,0,0,1,0,0,1
155,0,0,0,0,0,0,0,0,0,0,0,0,0,37280,0,0,0,0,0,1,0,0,0,0,0,0,0,0,1,0,0,0,0,1
156,0,0,0,1,0,0,0,0,0,0,0,0,0,50470,0,0,0,0,0,0,0,0,0,0,0,0,0,0,0,0,1,0,0,0
157,0,0,0,1,0,0,0,0,1,0,0,0,0,4550,0,0,0,0,0,0,0,0,0,1,0,0,0,0,1,0,0,0,0,0
158,1,0,0,0,0,0,0,0,0,0,0,0,0,52160,0,0,1,0,0,0,0,0,1,1,0,0,0,0,0,0,0,0,0,0
159,0,0,0,1,0,0,0,0,0,0,0,0,1,4340,0,0,0,0,0,0,0,0,0,0,0,0,0,0,1,1,0,0,0,0
160,0,0,0,1,0,0,0,0,0,0,0,0,0,3920,0,1,0,0,0,0,0,0,0,0,0,0,0,1,0,0,0,0,0,0
161,1,0,0,0,0,0,0,0,0,0,0,0,0,52650,0,0,1,0,0,0,0,0,0,0,0,0,0,0,0,0,0,0,0,0
162,1,0,0,0,0,1,0,0,0,0,0,0,0,59580,0,0,0,0,0,0,0,0,0,0,0,0,0,0,0,0,0,1,0,0
163,0,0,0,0,0,0,0,0,0,0,1,0,0,75530,0,0,1,0,0,0,0,0,1,0,0,0,0,0,0,0,0,0,0,1
164,1,0,0,0,0,0,0,0,0,0,0,0,0,63630,0,0,0,0,0,0,0,0,1,0,0,0,0,0,0,0,1,0,0,0
165,0,0,0,1,0,0,0,0,0,0,0,0,0,44640,0,0,1,0,1,0,0,0,0,1,0,0,0,0,0,0,0,1,0,0
166,0,0,0,0,0,0,1,0,0,0,0,0,0,45360,0,0,0,0,0,1,0,0,0,1,0,0,0,0,0,0,1,0,0,1
167,0,0,0,1,0,0,0,0,0,1,0,0,0,44800,0,0,0,0,0,0,0,0,0,0,0,0,0,0,0,0,0,0,1,0
168,0,0,0,0,0,0,0,0,0,0,0,0,0,4620,0,0,0,0,0,0,0,0,1,0,0,0,0,0,0,0,0,0,0,0
169,0,0,0,1,0,0,0,0,0,0,0,0,0,5360,0,0,1,0,0,0,0,0,0,0,0,0,0,0,0,0,0,0,0,0
170,0,0,0,1,0,0,0,0,1,0,0,0,0,31840,0,0,1,0,1,0,0,0,0,0,0,0,0,0,0,0,1,0,0,0
171,1,0,0,0,0,1,0,0,1,0,0,0,0,40200,0,0,0,0,0,0,0,0,0,0,0,0,0,0,0,0,1,0,0,1
172,1,0,0,0,0,0,0,1,0,0,1,0,0,34930,1,0,0,0,0,0,0,0,0,0,0,0,0,0,0,0,1,0,0,0
173,0,0,0,0,0,1,0,1,0,0,0,0,0,29600,0,0,0,0,0,0,0,0,0,0,0,0,0,0,0,0,0,0,0,0
174,0,0,0,0,0,0,0,0,0,0,0,0,0,4270,0,0,0,0,0,0,0,0,0,1,0,0,0,0,0,0,0,0,0,0
175,0,0,0,1,0,0,0,1,0,0,0,0,0,47760,0,0,0,1,0,0,0,0,0,0,0,0,0,0,0,0,1,0,0,0
176,0,0,0,1,0,0,0,0,0,0,0,0,1,59920,0,0,0,0,0,0,0,0,1,0,1,0,0,0,1,0,0,0,0,0
177,0,0,0,1,0,1,0,0,0,0,0,0,0,39830,0,0,0,0,0,0,0,0,0,0,0,0,0,0,1,0,1,0,0,0
178,1,0,0,0,0,0,0,0,0,0,0,0,0,58950,0,0,0,0,1,0,0,1,1,1,0,1,0,0,1,0,0,0,0,0
179,0,0,0,0,0,0,0,1,0,0,0,0,0,3600,0,0,0,1,0,0,0,0,0,0,0,0,0,0,0,0,0,0,0,0
180,0,0,0,0,0,0,0,0,0,0,0,0,0,35770,0,0,1,0,0,0,0,0,0,0,0,0,1,1,0,0,0,1,0,0
181,0,0,0,1,0,0,0,0,0,0,1,0,0,67200,0,1,1,0,0,0,0,0,1,0,0,0,0,0,0,0,0,1,0,0
182,1,0,0,0,0,0,0,0,0,0,0,0,0,57890,0,0,0,1,0,0,0,0,1,0,0,0,0,1,0,0,0,1,0,0
183,0,1,0,1,0,0,0,0,0,0,0,0,0,59520,0,0,0,1,0,0,0,1,0,0,0,0,0,0,1,0,1,0,0,1
184,0,0,0,0,0,0,1,0,0,0,0,0,0,43920,0,0,1,0,0,0,0,0,1,0,0,0,0,0,0,0,0,0,0,0
185,1,1,0,0,0,0,0,0,0,0,0,0,0,64480,0,0,0,1,0,0,0,0,0,0,0,0,0,0,0,0,0,0,0,1
186,1,0,0,0,0,0,0,0,0,0,0,0,0,13500,0,0,0,1,0,0,0,0,0,0,0,0,0,0,0,0,0,0,0,0
187,0,0,0,1,0,0,0,0,0,0,0,0,0,3850,0,0,0,0,0,0,0,0,0,0,0,0,0,0,1,0,0,0,0,0
188,0,0,0,0,0,0,0,0,1,0,0,1,1,53760,0,0,0,1,0,0,0,0,0,1,1,0,0,0,0,0,1,0,0,1
189,1,0,0,0,0,0,0,0,0,0,0,0,1,64820,0,0,0,0,0,0,0,0,0,0,0,0,0,1,1,0,1,0,0,0
190,0,0,0,1,0,1,0,0,0,0,0,1,0,3430,0,0,0,1,0,0,0,0,0,0,0,0,0,0,0,0,0,0,0,0
191,0,0,0,1,0,0,0,0,1,0,0,0,0,39270,0,0,0,0,0,0,0,0,0,0,0,0,0,0,0,0,0,1,0,0
192,1,0,0,0,0,0,0,0,0,0,0,0,0,38850,0,0,0,0,0,0,0,0,0,0,0,0,1,0,0,0,0,0,0,0
193,0,0,0,1,0,0,0,0,1,0,0,0,0,5120,0,0,0,0,0,0,0,0,0,0,0,0,0,1,0,0,0,0,0,0
194,1,0,0,0,0,0,0,0,0,0,0,0,0,35140,0,0,1,0,0,0,0,0,0,0,0,0,0,1,0,0,1,0,0,0
195,1,0,0,0,0,0,0,0,0,1,0,0,0,41760,0,0,0,0,0,0,0,0,0,0,0,0,1,0,0,0,0,1,0,0
196,0,0,0,0,0,0,0,0,0,0,0,1,0,4240,0,0,0,0,1,0,0,0,0,1,0,1,0,0,0,0,0,0,0,1
197,0,0,0,0,0,0,0,0,0,0,0,0,0,3900,0,0,1,0,0,0,1,0,0,1,0,0,0,0,0,0,0,0,0,0
198,0,0,0,0,0,0,0,0,0,0,0,1,1,41580,0,0,0,0,1,0,0,0,1,0,1,0,0,0,0,0,0,0,0,0
199,0,0,0,1,0,0,0,0,0,0,0,0,0,1960,1,0,0,0,0,0,0,0,0,0,0,0,0,0,1,0,0,0,0,0
200,0,0,0,0,0,0,1,0,0,0,0,0,0,3840,0,0,1,0,0,0,0,0,0,0,0,0,0,0,0,0,0,0,0,0
201,0,0,0,1,0,0,0,0,0,0,0,0,0,61360,0,0,1,0,0,0,0,0,0,1,0,0,0,0,0,0,1,0,0,0
202,0,0,0,0,0,0,0,0,0,0,0,0,0,4440,0,0,0,0,0,0,0,1,0,0,0,0,0,0,0,0,0,0,0,0
203,0,0,0,0,0,0,0,1,0,0,0,0,0,50050,0,0,0,0,0,0,0,0,0,0,0,0,0,0,0,0,1,0,0,0
204,1,0,0,0,0,0,0,0,0,0,0,0,0,12720,0,0,0,0,0,0,0,0,0,1,0,0,0,0,0,0,1,0,0,0
205,0,0,0,1,0,0,0,0,0,0,0,0,0,43520,0,0,1,1,0,0,0,0,1,0,0,0,0,0,0,0,1,0,0,0
206,1,0,1,0,0,0,0,0,0,0,0,0,0,47840,1,0,0,0,0,0,0,0,0,0,0,0,0,0,1,0,1,0,0,1
207,0,0,0,0,0,0,0,0,0,0,0,0,0,57600,0,0,0,0,0,0,0,0,1,0,0,0,1,1,0,0,0,1,0,0
208,1,0,0,0,0,0,0,0,1,0,0,0,0,43380,0,0,0,0,0,0,0,0,0,0,0,0,0,0,0,0,0,1,0,0
209,0,0,0,0,0,0,0,0,0,0,0,0,0,6160,0,1,1,0,0,0,0,0,0,1,0,0,0,0,0,0,0,0,0,0
210,0,0,0,1,0,0,0,0,0,0,0,0,0,4080,0,0,0,0,0,0,0,0,0,0,0,0,1,0,1,0,0,0,0,0
211,0,0,0,0,0,0,0,0,0,0,0,0,0,5310,0,0,1,0,0,0,0,0,0,0,0,1,0,0,0,0,0,0,0,0
212,0,0,0,1,0,1,0,0,0,0,0,0,0,21450,0,0,0,0,0,0,0,0,0,0,0,0,0,0,1,0,0,1,1,0
213,0,0,0,0,0,0,0,1,0,0,1,0,0,34020,0,1,0,0,0,0,0,0,0,0,0,0,0,0,0,0,0,1,0,1
214,1,1,0,0,0,0,0,1,0,0,0,0,0,61020,0,0,0,0,0,0,0,0,0,0,0,0,0,0,0,0,0,1,0,1
215,0,0,0,1,0,0,1,0,0,0,0,0,0,58960,0,0,0,0,0,0,0,0,0,0,0,0,0,0,1,0,0,1,0,1
216,0,0,0,1,0,0,0,0,0,0,0,0,0,47340,0,0,0,0,0,1,0,0,0,0,0,0,0,0,0,0,0,0,0,0
217,0,0,0,0,0,0,0,0,0,0,0,0,0,5040,0,0,1,0,0,0,0,0,1,0,0,0,0,0,0,0,0,0,1,0
218,1,0,0,0,0,0,0,0,0,0,0,0,0,51120,0,0,1,0,0,0,0,0,0,1,0,0,0,0,0,0,1,0,0,1
219,0,0,0,1,1,0,0,0,0,0,0,0,0,41670,1,0,0,0,0,0,1,0,0,0,0,0,0,0,1,0,0,1,0,0
220,0,0,0,0,0,0,0,0,0,0,0,0,1,44640,1,0,0,0,0,0,0,0,0,0,1,0,0,0,1,0,0,0,0,1
221,0,0,0,1,0,0,0,0,0,0,0,1,0,19670,1,0,0,0,0,0,0,0,0,0,0,0,0,0,0,0,0,0,0,0
222,1,0,0,0,0,0,0,0,0,0,0,0,0,31220,0,0,0,0,0,0,0,0,0,0,0,0,0,0,0,0,0,1,1,0
223,1,0,0,0,0,0,0,1,0,0,0,0,0,44380,0,0,0,0,0,0,0,0,0,0,0,0,0,0,0,0,0,1,0,0
224,0,0,0,0,0,0,0,0,0,0,0,0,0,51920,0,0,1,1,0,0,0,0,0,0,0,0,0,1,0,0,0,1,0,0
225,1,0,0,0,0,0,0,0,0,0,0,0,0,51450,0,0,0,0,0,0,0,0,1,0,0,0,0,0,0,0,0,0,0,0
226,0,0,0,1,0,0,0,0,0,0,0,1,0,68400,0,0,0,0,0,0,0,0,0,0,0,0,0,0,0,0,1,0,0,0
227,0,0,0,0,0,0,0,0,0,0,0,0,0,30310,0,0,1,0,0,0,0,0,0,0,0,0,0,0,0,0,0,0,0,1
228,1,0,0,0,0,0,1,0,0,0,0,0,0,45920,0,0,0,0,0,0,0,0,0,1,0,0,0,0,0,0,0,0,0,0
229,0,0,0,1,0,0,0,0,0,0,0,0,0,57840,0,0,0,0,0,0,0,0,0,0,0,0,0,0,1,0,1,0,0,0
230,1,0,0,0,0,0,0,1,0,0,0,0,1,43920,0,0,0,0,0,0,0,0,0,0,0,0,0,0,0,0,0,1,0,0
231,0,0,0,1,0,1,0,0,0,0,0,1,0,24400,0,0,0,0,0,0,0,0,0,0,0,0,0,0,0,0,0,1,0,0
232,1,0,0,0,0,0,0,0,0,0,0,0,0,55280,0,0,0,0,0,0,0,0,1,1,0,0,0,0,0,0,0,1,0,0
233,0,0,0,0,0,0,0,0,0,0,0,1,0,50750,0,0,0,0,0,0,0,0,0,0,0,0,1,0,0,0,1,0,0,0
234,0,0,0,0,0,0,0,0,0,0,0,0,0,37520,0,0,0,0,0,1,0,0,0,0,0,0,0,0,1,0,0,0,0,1
235,0,0,0,1,0,0,0,0,0,0,0,0,0,57420,0,0,0,0,0,0,0,0,1,0,0,0,0,0,0,0,0,1,0,0
236,1,0,0,0,0,0,1,0,0,0,0,0,0,31990,0,0,0,0,0,0,0,0,0,0,0,0,0,0,0,0,0,0,0,0
237,1,1,0,0,0,0,0,0,0,0,0,1,0,57200,0,0,0,0,0,0,0,0,0,0,0,0,0,0,0,0,1,0,0,1
238,0,0,0,0,0,0,0,0,0,0,0,1,0,51680,0,1,0,0,0,0,0,0,0,0,0,0,0,0,0,0,0,1,0,0
239,0,0,0,1,0,0,0,0,0,0,0,1,0,31770,0,0,0,0,0,0,0,0,1,1,0,0,0,0,0,0,0,0,0,0
240,0,1,0,0,0,0,0,0,0,0,0,1,0,42800,0,0,0,0,1,0,0,0,0,0,0,0,0,0,0,0,0,0,0,0
241,0,0,0,0,0,0,0,0,0,0,0,0,0,58960,1,0,0,0,0,0,0,0,0,0,0,1,0,1,1,0,0,0,0,1
242,0,0,0,0,0,0,0,0,0,0,0,0,0,5040,0,0,0,0,0,0,1,0,0,0,0,0,0,0,1,0,0,0,0,0
243,1,0,0,0,0,0,0,0,0,0,0,1,0,43600,1,0,0,1,0,0,0,0,0,0,0,0,0,0,0,0,1,0,0,0
244,0,0,0,0,0,0,0,0,0,0,0,0,0,2240,0,0,0,0,1,0,0,0,0,0,0,0,0,0,1,0,0,0,0,0
245,0,0,0,0,0,0,0,0,0,0,0,0,0,52780,0,0,0,1,0,0,0,0,0,0,0,0,0,0,1,0,1,0,0,1
246,0,0,0,1,0,0,0,0,0,0,0,0,0,45220,0,0,1,0,0,0,0,0,0,0,0,0,0,0,0,0,0,1,0,0
247,1,0,1,0,0,0,0,0,0,0,0,1,0,68310,0,0,0,0,0,0,0,0,0,0,0,0,0,0,0,0,1,0,0,1
248,0,0,0,1,0,0,0,0,0,0,0,0,0,4130,0,0,0,0,0,0,0,0,1,0,0,0,0,0,1,0,0,0,0,0
249,0,0,0,0,0,0,0,0,0,0,0,0,0,51280,0,0,0,0,1,0,0,1,0,0,0,0,0,0,1,0,1,0,0,0
250,1,0,0,0,0,0,0,0,0,0,0,0,0,40320,0,0,0,0,0,0,0,0,0,0,0,0,0,0,0,0,1,0,1,1
251,0,0,0,0,0,0,0,0,0,0,0,0,0,58800,0,0,0,0,0,0,0,0,0,0,0,0,0,0,1,0,0,1,1,1
252,0,0,0,0,0,0,0,0,0,1,0,0,0,6120,0,0,0,0,0,0,0,0,0,1,0,0,0,0,0,0,0,0,0,0
253,0,0,0,0,0,0,0,1,0,0,0,0,0,41720,0,0,0,0,0,0,0,0,0,0,0,0,0,0,0,0,0,1,0,1
254,0,0,0,0,0,0,0,1,0,0,0,0,0,46000,0,0,0,1,0,0,0,0,0,0,0,0,0,0,0,0,1,0,0,1
255,0,0,0,0,0,0,0,0,0,0,0,1,0,39360,0,0,0,0,0,0,0,0,0,0,0,0,0,0,0,0,0,1,0,0
256,1,0,0,0,0,0,1,0,0,0,0,0,0,35350,0,0,0,0,0,0,0,0,0,0,0,0,0,0,1,0,0,1,0,0
257,0,1,0,0,0,0,0,0,0,0,0,0,0,38460,0,0,0,0,0,0,0,0,0,0,0,0,0,0,1,0,0,1,0,1
258,0,0,0,0,0,0,0,0,0,0,0,0,0,4620,0,0,0,0,0,0,0,0,0,0,0,0,0,0,0,0,0,0,0,0
259,0,0,0,0,0,0,0,0,0,0,0,0,0,37170,0,0,0,0,0,0,0,0,0,0,0,0,0,0,0,0,1,0,0,1
260,0,0,0,0,0,0,0,0,0,0,1,0,0,3150,0,0,0,0,0,0,0,0,1,0,0,1,0,0,1,0,0,0,0,0
261,0,0,0,0,0,0,0,0,0,0,0,0,0,47200,0,1,0,0,0,0,0,0,0,0,0,0,0,0,0,0,0,0,0,1
262,0,0,0,0,0,1,0,0,0,0,0,0,0,49420,1,0,0,0,0,0,0,0,0,0,0,0,0,0,0,0,1,0,0,1
263,0,0,0,1,0,0,0,0,0,0,0,0,0,44720,0,0,0,0,1,0,0,0,1,0,0,0,0,0,1,0,0,1,0,0
264,0,0,0,1,0,1,0,1,0,0,0,0,0,41920,0,0,0,0,0,0,0,0,0,0,0,0,0,0,0,0,0,1,0,0
265,0,0,0,0,0,0,1,0,0,0,0,1,0,4770,0,0,0,0,0,1,0,0,0,0,0,0,0,0,0,0,0,0,0,0
266,0,0,0,0,0,0,0,1,1,0,0,0,0,35520,0,0,0,0,0,0,0,0,0,0,0,0,0,0,0,0,0,1,0,1
267,0,0,0,1,0,0,0,0,0,0,0,0,0,54810,0,0,0,0,0,0,0,0,0,0,0,0,1,0,0,1,1,0,0,0
268,0,0,0,0,0,0,0,0,0,0,0,0,0,32270,0,1,0,0,0,0,0,0,0,0,0,0,0,0,1,0,1,0,0,0
269,1,0,0,0,0,0,0,1,0,0,0,0,0,50160,0,0,0,0,0,0,1,0,0,0,0,0,0,0,0,0,0,0,0,0
270,0,0,0,1,0,0,0,0,0,0,0,0,0,59710,1,0,0,0,0,0,1,0,0,0,0,0,1,1,0,0,1,0,0,0
271,0,0,0,1,0,0,0,1,0,0,0,0,0,2240,0,0,0,0,0,0,1,0,0,0,0,0,0,0,0,0,0,0,0,0
272,0,0,0,0,0,0,1,0,0,0,0,0,0,49680,0,0,0,0,0,0,0,0,0,1,0,0,0,0,1,0,0,0,0,1
273,0,0,0,1,0,0,0,1,0,0,0,0,0,35820,0,0,0,0,1,0,0,0,0,0,0,1,0,0,0,0,1,0,0,0
274,0,0,0,1,0,0,0,0,0,0,0,0,0,43280,0,0,0,0,0,0,0,0,1,0,0,1,0,0,1,0,0,0,0,0
275,0,0,0,0,0,0,0,0,0,0,0,1,0,29190,0,0,0,0,0,0,0,0,0,0,0,0,0,0,0,0,0,0,0,0
276,1,0,0,0,0,0,0,0,0,0,0,0,0,49840,0,0,0,1,0,0,0,0,0,1,0,0,0,0,0,0,0,1,0,0
277,0,1,0,1,0,0,0,0,0,0,0,0,0,43920,0,0,0,0,0,0,0,0,0,0,0,0,0,0,0,0,1,0,0,1
278,0,0,0,0,0,0,0,0,0,0,0,0,0,46800,0,0,1,0,1,0,0,0,0,1,0,0,0,0,0,0,0,1,0,1
279,0,0,0,1,1,0,0,0,0,0,0,1,0,49630,1,0,0,0,0,0,0,0,0,0,0,0,0,0,0,0,0,1,0,0
280,0,0,0,1,0,0,1,0,0,0,0,0,0,31040,0,0,0,0,0,0,0,0,0,0,0,0,0,0,0,0,0,1,0,0
281,0,1,0,0,0,0,1,1,0,0,0,0,0,3010,0,0,0,0,0,0,0,1,0,0,0,0,0,0,0,0,0,0,0,1
282,0,0,0,1,0,0,0,0,0,0,0,0,0,4340,0,0,1,0,0,0,0,0,0,0,0,0,0,0,0,1,0,0,0,0
283,0,0,0,0,0,0,0,0,0,0,0,0,0,41930,0,0,0,1,0,0,0,0,0,1,0,0,0,0,1,0,1,0,0,1
284,0,0,0,0,0,0,0,0,0,0,0,1,0,53040,0,0,0,0,0,0,0,0,0,1,0,0,0,0,0,0,0,1,0,0
285,1,0,0,0,0,0,0,0,0,0,0,0,0,51120,0,0,1,0,0,0,0,0,0,0,0,0,0,1,0,0,0,0,0,0
286,1,0,0,0,0,0,0,0,1,0,0,0,0,46480,0,0,1,0,0,0,0,0,0,0,0,0,0,0,0,0,1,0,0,0
287,0,0,0,0,0,0,0,0,0,0,0,0,0,5120,0,0,1,0,0,0,0,0,0,0,0,0,0,0,0,0,0,0,0,0
288,0,0,0,0,0,0,0,0,0,0,0,0,0,51940,0,0,0,0,0,0,0,0,0,0,0,0,1,0,0,0,1,0,0,1
289,0,0,0,1,0,0,0,0,1,0,0,1,0,5840,1,0,0,0,0,0,0,0,0,0,0,0,0,1,0,0,0,0,0,0
290,0,0,0,0,0,0,0,1,0,0,0,0,0,68480,0,0,0,0,0,0,0,1,0,0,0,0,0,0,0,0,0,1,0,0
291,1,0,0,0,0,0,0,0,0,0,0,0,0,34380,1,0,0,0,0,0,0,0,0,0,0,0,0,0,1,0,0,0,0,0
292,0,0,0,0,1,0,0,0,0,0,0,0,0,31620,0,0,0,0,0,0,0,0,0,0,0,0,1,0,0,0,1,0,0,1
293,0,0,0,1,0,0,0,1,0,0,0,0,0,69930,0,0,0,0,0,0,0,0,0,0,0,0,0,0,0,0,0,1,0,0
294,0,0,0,1,0,0,0,0,0,0,0,0,1,42720,0,0,0,0,0,0,0,0,0,0,1,0,0,0,0,0,1,0,0,1
295,1,0,0,0,0,0,0,1,0,0,0,0,0,48080,0,0,0,0,0,0,0,0,0,0,0,0,0,0,0,0,0,1,0,0
296,0,0,0,1,0,0,0,1,0,0,0,0,0,53970,1,1,0,0,0,0,0,0,0,0,0,0,0,0,0,0,0,0,0,0
297,0,0,0,0,0,0,0,1,0,0,0,0,0,2700,1,0,0,0,0,0,0,0,0,0,0,0,1,0,0,0,0,0,0,0
298,0,0,0,1,0,0,0,0,0,0,0,0,0,4320,0,0,1,0,0,0,0,0,0,1,0,0,0,0,0,0,0,0,0,0
299,0,0,0,0,0,0,0,0,0,0,0,0,0,35400,0,0,0,0,0,0,0,0,0,0,0,0,0,0,1,1,1,0,0,0
300,0,0,0,0,0,0,0,0,0,0,0,0,0,5760,0,0,1,0,0,1,0,0,1,0,0,0,0,0,0,0,0,0,0,0
301,1,0,0,0,0,0,0,0,0,0,0,1,1,57680,0,0,0,0,0,0,0,0,0,0,0,0,1,0,0,0,0,1,1,0
302,0,0,0,0,0,0,0,0,0,0,0,0,0,52380,1,0,0,0,0,0,0,0,0,0,0,0,0,0,1,0,1,0,0,0
303,0,0,0,0,0,0,0,1,0,0,0,0,0,3780,0,0,0,0,0,0,1,0,0,0,0,0,0,0,0,0,0,0,0,0
304,0,0,0,1,0,0,0,0,0,0,0,0,0,46060,0,0,0,0,0,0,0,0,0,0,0,0,0,0,0,0,1,0,0,0
305,0,0,0,0,0,0,0,1,0,0,0,0,1,28560,0,0,0,0,0,0,0,0,0,0,0,0,1,0,0,0,0,0,0,1
306,0,0,0,0,0,0,0,0,0,0,0,1,0,38400,0,0,0,0,0,0,0,0,0,0,0,0,0,0,0,0,0,1,0,1
307,1,1,0,0,0,0,0,0,0,0,0,0,0,47280,0,0,0,0,0,0,0,0,0,0,0,0,0,0,0,0,1,0,0,1
308,1,0,0,0,0,0,0,0,1,0,0,0,0,56320,0,0,0,0,0,0,0,0,0,0,0,0,0,0,0,0,1,0,0,0
309,1,0,0,0,0,0,0,0,0,0,0,0,0,36560,0,0,0,0,1,0,0,0,1,0,0,0,0,0,0,0,0,1,0,0
310,0,0,0,0,0,0,0,0,0,0,0,0,0,58720,0,0,0,0,0,0,0,0,0,0,0,0,0,0,1,0,1,0,0,1
311,0,0,0,0,0,0,0,0,0,0,0,0,1,22800,0,0,1,0,0,0,0,0,0,0,0,0,0,0,0,0,0,0,0,1
312,1,0,0,0,0,0,0,0,0,0,0,0,0,24500,0,0,0,0,0,0,0,0,0,0,0,1,1,0,1,0,0,1,0,0
313,1,0,0,0,0,0,0,0,0,0,0,1,0,47600,0,0,0,0,0,0,0,0,0,1,0,0,0,0,0,0,0,1,0,0
314,0,0,0,1,1,0,0,0,0,0,0,0,0,58500,0,0,0,0,0,0,0,0,1,0,0,0,0,0,0,0,0,1,0,0
315,0,0,0,1,0,0,0,1,0,0,0,0,0,52850,0,0,0,0,0,0,0,0,0,1,0,0,0,0,0,0,1,0,0,0
316,1,0,0,0,0,0,0,0,0,0,0,0,0,60400,0,0,1,0,0,0,0,0,0,1,0,0,0,0,0,0,0,1,0,0
317,1,0,0,0,0,0,0,1,0,0,0,0,0,48240,0,0,0,0,0,0,1,0,0,0,0,0,0,1,0,0,0,1,0,0
318,0,0,0,1,0,0,0,0,0,0,0,0,0,22190,0,0,1,0,0,0,0,0,0,0,0,0,0,0,0,0,1,0,1,0
319,0,0,0,0,0,0,0,0,0,0,0,0,0,49520,0,1,0,0,0,0,0,0,0,0,0,0,0,0,1,0,0,1,0,1
320,1,0,0,0,0,0,0,1,0,0,0,0,0,60390,0,0,0,0,0,0,0,0,0,0,0,0,0,0,0,1,0,0,0,0
321,0,0,0,0,0,0,0,0,0,0,0,0,0,44520,0,0,0,0,0,0,0,0,0,0,0,0,0,0,0,0,1,0,0,0
322,1,0,0,0,0,0,0,0,0,0,0,0,0,26240,0,0,0,0,0,0,0,0,0,1,0,0,1,0,0,0,0,0,0,0
323,1,0,0,0,0,0,0,0,0,0,0,0,0,29460,0,0,0,0,0,0,0,0,1,0,0,0,0,0,1,0,1,0,0,0
324,0,0,0,0,0,0,0,0,0,0,0,0,1,35280,1,0,1,0,0,0,0,0,0,0,0,0,0,1,0,0,1,0,0,1
325,1,0,0,0,0,0,0,0,0,0,0,0,0,61880,0,0,1,1,0,0,0,0,0,0,0,0,0,0,0,0,0,1,0,0
326,1,0,0,0,0,1,0,0,0,0,0,1,0,48400,0,0,0,0,0,0,0,0,0,0,0,0,0,0,0,0,0,0,0,0
327,0,0,0,1,0,0,1,0,0,0,0,1,0,47840,0,0,0,0,0,0,0,0,0,0,0,0,0,0,0,0,1,0,1,0
328,0,0,0,0,0,0,0,0,0,0,0,0,0,37680,0,0,0,0,1,0,0,0,0,0,0,0,0,0,0,0,0,1,0,1
329,0,0,0,0,0,0,0,0,0,0,0,1,1,40480,0,0,0,0,0,0,0,0,0,1,0,0,0,0,0,0,0,0,0,1
330,0,0,0,0,0,0,0,0,0,0,0,0,0,29760,0,0,1,0,0,0,0,0,1,0,0,0,0,0,0,0,0,1,0,0
331,0,0,0,0,0,0,0,0,0,0,0,0,0,56480,0,1,0,0,0,0,0,0,0,0,0,0,0,0,0,0,0,0,0,1
332,0,0,0,0,0,0,0,0,0,0,0,0,0,3760,0,0,0,1,0,0,0,0,0,0,0,0,0,0,0,0,0,0,0,0
333,0,0,0,0,0,0,0,0,0,0,0,0,0,2030,0,1,0,0,0,0,0,0,0,0,0,0,0,1,0,0,0,0,0,0
334,1,0,0,0,0,0,0,1,1,0,0,0,0,46760,1,0,0,0,0,0,0,0,0,0,0,0,0,0,0,0,0,1,0,0
335,0,0,0,1,0,0,0,0,0,0,0,0,0,50750,0,0,0,0,1,0,1,0,0,1,0,0,0,0,0,0,1,0,0,0
336,0,0,0,1,0,0,0,0,0,0,0,0,0,34440,1,0,0,0,1,0,0,0,0,0,0,0,0,0,0,0,0,1,0,0
337,1,0,0,0,0,0,0,1,0,0,0,0,0,54670,0,0,0,1,0,0,1,0,0,0,0,0,0,0,0,0,1,0,0,0
338,0,0,0,1,0,0,0,0,0,0,0,0,0,69680,0,0,0,0,0,0,0,0,0,0,0,0,0,0,0,0,0,0,0,0
339,1,0,0,0,0,0,0,0,0,0,0,0,0,41220,0,0,0,0,0,0,0,0,0,0,0,0,0,0,0,1,0,0,0,0
340,1,1,0,0,0,0,0,1,0,0,0,0,0,45360,0,0,0,0,0,0,0,0,0,0,0,0,0,1,0,0,0,1,0,1
341,0,0,0,1,0,0,1,1,0,0,0,0,0,44800,0,0,0,0,0,0,0,0,0,0,0,0,0,0,0,0,1,0,0,0
342,0,0,0,0,0,0,0,0,0,0,0,1,0,47340,1,0,0,0,1,0,0,0,0,0,0,1,0,0,0,0,1,0,0,1
343,0,0,0,1,0,0,0,0,0,0,0,0,0,4320,0,0,0,0,0,0,0,0,1,1,0,0,0,0,1,0,0,0,0,0
344,1,0,0,0,0,0,0,0,0,0,0,0,0,38850,0,0,0,1,0,0,0,0,0,0,0,0,0,1,0,0,1,0,0,1
345,0,0,0,1,0,0,0,0,1,0,0,0,0,47280,0,0,0,0,0,0,0,0,0,0,0,0,0,1,0,0,0,1,0,0
346,0,0,0,1,0,0,0,0,0,0,0,1,0,26320,0,0,0,0,0,0,0,0,0,1,0,1,0,0,0,0,1,0,0,0
347,1,0,0,0,0,0,0,0,0,0,0,0,0,47430,0,0,0,0,0,0,0,0,0,0,0,0,1,1,0,0,0,0,0,0
348,1,1,0,0,0,0,0,0,0,0,0,0,0,49200,0,0,1,1,0,1,0,0,0,0,0,0,0,0,0,0,0,1,0,0
349,0,0,0,0,0,0,1,0,0,0,0,0,0,44520,0,0,0,0,0,0,0,0,0,0,0,0,0,0,0,0,0,0,0,1
350,0,0,0,1,0,1,0,0,0,0,0,1,0,38940,0,0,0,1,0,0,0,0,0,0,0,0,0,1,0,0,0,1,0,0
351,0,0,0,0,0,0,0,0,0,0,0,0,0,25130,0,0,0,0,0,0,0,0,0,0,0,0,0,0,1,0,1,0,0,1
352,0,0,0,1,0,0,1,0,0,0,0,0,1,36540,0,0,0,0,0,0,1,0,0,0,0,0,0,1,0,0,1,0,0,0
353,0,0,0,1,0,0,0,0,0,0,0,1,0,58500,0,0,0,0,0,0,0,0,1,0,0,1,0,0,0,0,0,0,0,0
354,0,0,0,1,0,1,0,0,0,0,0,1,0,53760,0,0,0,0,0,0,0,0,0,0,0,0,0,0,0,0,0,0,0,0
355,1,0,0,0,0,0,0,0,0,0,0,0,0,46000,0,0,0,0,0,0,0,0,0,1,0,0,0,0,0,0,1,0,0,0
356,0,0,0,0,0,0,1,0,0,0,0,0,0,51570,0,0,1,0,0,0,0,0,0,1,0,0,0,0,0,0,0,1,0,0
357,0,0,0,1,0,0,0,0,0,0,0,0,0,43360,1,0,0,0,0,0,0,0,0,0,0,0,0,0,1,0,0,1,0,0
358,0,0,0,0,0,0,0,1,0,0,0,0,0,48300,1,0,0,0,0,0,0,0,0,0,0,0,0,0,0,0,0,1,1,1
359,1,0,0,0,0,0,0,0,0,0,0,0,0,49360,0,0,0,0,0,0,0,0,0,0,0,0,0,0,0,0,0,1,0,0
360,0,0,0,0,0,0,0,0,0,0,0,0,0,54670,0,0,0,0,0,0,0,0,0,0,0,0,0,0,0,0,1,0,0,1
361,0,0,0,0,0,0,0,0,0,0,0,0,0,46800,1,0,0,0,0,0,0,0,0,0,0,0,0,0,1,0,1,0,0,1
362,0,0,0,0,0,0,0,0,0,0,0,1,0,3600,0,0,0,0,0,0,0,0,0,0,0,0,0,1,0,0,0,0,0,0
363,0,0,0,0,0,0,0,0,0,0,0,1,0,36600,0,1,0,0,0,0,0,0,0,1,0,0,0,0,0,0,0,1,0,1
364,0,0,0,1,0,1,0,0,0,0,0,1,0,4340,0,0,0,0,0,0,0,0,0,0,0,0,0,0,0,0,0,0,0,1
365,0,0,1,1,0,0,0,1,0,0,0,0,0,2520,0,0,0,0,0,0,0,0,1,0,0,0,0,0,0,0,0,0,0,1
366,0,0,0,0,0,1,0,0,0,0,0,1,0,2240,0,0,0,0,0,0,0,0,1,0,0,0,0,0,0,0,0,0,0,0
367,0,0,0,1,0,0,0,0,1,0,0,1,0,42000,0,0,0,0,0,0,0,0,0,0,0,0,0,1,0,0,0,0,0,0
368,0,0,0,1,0,0,1,1,0,0,0,0,0,35600,0,0,0,0,0,0,0,0,0,0,0,0,0,0,0,0,0,1,1,1
369,0,0,0,0,0,0,0,0,1,0,0,0,0,46680,0,0,0,0,0,0,0,0,0,1,0,0,0,0,1,0,1,0,0,0
370,0,0,0,0,0,0,0,0,0,0,0,0,0,35040,0,0,0,0,0,0,0,0,0,0,0,0,0,0,1,0,0,0,0,0
371,1,0,0,0,0,0,0,0,0,0,0,1,1,32080,0,0,0,0,0,0,0,0,0,0,0,0,0,1,0,0,0,1,0,0
372,1,0,0,0,0,0,0,0,0,0,0,0,0,54080,0,0,0,0,0,0,0,0,0,0,0,0,0,0,0,1,0,0,0,0
373,0,0,0,1,0,0,0,1,0,0,0,0,1,4760,0,0,0,0,1,0,0,0,0,1,1,0,0,0,0,0,0,0,0,1
374,0,0,1,1,0,0,0,0,0,0,0,0,0,46710,1,0,0,0,0,0,0,0,0,0,0,0,0,0,0,0,0,1,0,0
375,1,0,0,0,0,1,0,0,0,0,0,0,0,17010,0,1,0,0,0,0,0,0,1,0,0,0,0,0,1,0,0,0,0,0
376,0,0,0,0,0,0,1,0,0,0,1,1,0,52960,0,0,0,0,0,0,0,0,0,1,0,0,0,0,0,0,1,0,0,0
377,1,0,0,0,0,0,0,0,0,0,0,0,0,31850,0,0,1,0,0,0,0,0,0,0,0,0,0,1,0,0,0,1,0,0
378,0,0,0,1,0,0,0,0,0,0,0,1,0,44200,0,0,0,0,0,0,0,0,0,0,0,0,0,0,0,0,0,1,0,0
379,0,0,0,0,0,0,0,0,0,0,0,0,0,35560,1,1,0,0,0,0,0,0,0,0,0,0,0,1,1,0,0,0,0,1
380,1,0,0,0,0,0,1,0,0,0,0,1,0,35360,0,0,0,0,0,1,0,0,0,0,0,0,0,0,0,0,0,1,0,0
381,0,0,0,1,0,0,0,0,0,0,0,0,0,45760,0,0,0,0,0,0,0,1,0,0,0,0,0,0,1,0,0,0,0,0
382,0,0,0,1,0,0,0,0,0,0,0,0,0,38850,0,0,1,0,0,0,0,0,0,0,0,0,0,0,0,0,1,0,0,1
383,0,0,1,1,0,0,0,0,0,0,0,0,0,43890,0,0,0,0,1,0,0,0,0,0,0,0,0,0,0,0,1,0,0,1
384,0,0,0,1,0,0,0,0,0,0,0,1,0,63770,0,0,0,0,0,1,0,0,1,0,0,0,0,0,0,0,0,0,0,0
385,0,0,0,1,0,0,0,1,0,0,0,0,0,38220,0,0,0,0,0,0,0,0,0,0,0,0,0,0,0,0,0,0,0,0
386,0,0,0,0,0,0,0,0,0,0,0,0,0,44560,1,0,1,0,0,0,0,0,0,1,0,0,0,0,0,0,0,1,0,0
387,1,0,0,0,0,0,0,1,0,0,0,0,1,48580,0,0,0,0,0,0,1,0,0,0,0,0,0,0,0,0,0,0,0,0
388,1,0,0,0,0,0,0,1,0,0,0,0,0,39970,0,0,0,0,0,0,0,0,0,0,0,0,0,0,0,0,0,1,0,0
389,0,0,0,0,0,0,0,0,0,0,0,1,0,40620,0,0,0,0,0,0,0,0,0,1,0,0,0,0,0,0,0,0,0,0
390,0,0,0,0,0,0,0,0,0,0,0,0,0,33880,0,0,0,0,0,0,0,0,0,1,0,0,0,0,0,0,1,0,0,0
391,1,0,0,0,0,0,0,0,0,0,0,0,0,40040,0,0,0,0,0,0,0,0,0,0,0,0,0,0,1,0,0,1,0,0
392,1,0,0,0,0,0,0,0,0,1,0,0,0,36190,0,0,0,0,0,0,0,0,0,0,0,0,0,0,0,0,1,0,0,0
393,1,0,0,0,0,1,0,0,0,0,0,1,0,49140,0,0,0,0,0,0,0,0,0,1,0,0,0,0,0,1,0,0,0,0
394,0,0,0,0,0,0,0,0,0,0,0,1,0,33390,0,1,0,0,0,0,0,0,0,0,0,0,0,0,0,0,1,0,0,1
395,0,0,0,1,0,0,0,0,0,0,0,0,0,4060,0,0,1,0,0,0,0,0,0,0,0,0,0,0,0,1,0,0,0,0
396,0,0,0,0,0,0,0,0,0,0,0,0,0,54990,0,0,0,0,0,0,0,0,0,0,0,0,0,0,0,0,0,1,0,0
397,0,0,0,1,0,0,0,1,0,0,0,0,0,52430,0,0,0,0,0,0,0,0,1,0,0,0,0,1,0,0,0,0,0,0
398,0,0,0,0,0,0,0,0,0,1,0,0,0,2320,0,0,0,0,0,0,0,0,0,1,0,0,0,0,0,0,0,0,0,0
399,0,0,0,1,0,0,0,0,0,0,0,1,0,57690,0,0,0,0,1,0,0,1,0,0,0,0,0,0,0,0,1,0,0,0
400,1,0,0,0,0,0,0,0,0,0,0,0,0,56720,0,0,1,0,0,0,0,0,1,1,0,0,0,0,0,1,0,0,0,0
401,1,0,0,0,0,0,0,0,0,0,0,1,0,41310,0,0,0,0,0,0,0,0,0,0,0,0,0,0,0,0,0,0,0,0
402,0,0,0,0,0,0,1,0,0,0,0,0,0,32640,1,0,0,0,0,0,0,0,0,0,0,1,0,0,0,0,1,0,0,1
403,0,0,0,1,0,0,0,0,0,0,0,0,0,60240,0,0,0,0,0,1,0,0,0,0,0,1,0,0,1,0,0,1,0,0
404,0,1,0,1,0,0,0,0,0,0,0,0,0,61440,1,0,0,0,1,0,0,0,0,0,0,0,0,0,0,0,0,0,0,1
405,1,0,0,0,0,0,0,1,0,0,0,0,1,55860,1,0,0,0,0,0,0,0,0,1,1,1,0,0,0,0,0,1,0,0
406,0,0,0,1,0,0,0,0,0,0,0,0,0,33740,0,0,0,0,0,0,0,0,0,1,0,0,0,0,0,0,1,0,0,0
407,1,0,0,0,0,0,0,1,0,0,0,0,0,17600,0,0,0,0,0,0,0,0,0,0,0,0,0,1,0,0,0,1,0,0
408,0,0,0,1,0,0,0,0,0,0,0,0,0,27510,0,0,0,0,0,0,1,0,1,0,0,0,0,0,0,0,1,0,0,0
409,0,1,0,0,0,0,0,0,0,0,0,0,0,2320,1,0,0,0,0,0,0,0,0,0,0,0,0,0,0,0,0,0,0,0
410,0,0,0,1,0,0,0,0,0,0,0,0,0,3900,0,0,1,0,0,0,0,0,0,1,0,0,0,0,0,0,0,0,0,0
411,0,0,0,0,0,0,0,0,0,0,0,0,0,4960,0,0,1,0,0,0,0,0,0,0,0,0,0,0,0,1,0,0,0,0
412,0,0,0,1,0,0,0,0,0,0,0,0,0,46320,1,0,1,0,0,0,1,0,0,0,0,0,0,0,0,0,0,0,0,0
413,0,0,0,0,0,0,0,0,0,0,0,1,0,70920,0,0,0,0,0,0,0,0,1,0,0,0,0,0,0,0,0,0,0,0
414,0,0,0,1,0,0,0,0,0,0,0,0,0,6240,0,0,0,0,1,0,0,0,0,0,0,0,0,0,0,0,0,0,0,0
415,1,0,0,0,0,0,0,0,0,0,0,0,0,44560,0,0,0,0,0,0,0,0,0,1,0,0,0,0,0,0,0,0,0,0
416,1,0,0,0,0,0,0,1,0,0,0,0,0,53580,0,0,0,0,0,0,0,0,1,0,0,0,0,0,0,0,1,0,0,0
417,1,0,0,0,0,0,0,0,0,0,0,0,0,38920,0,0,0,0,0,0,0,0,0,0,0,0,0,0,0,0,1,0,0,0
418,0,0,0,0,0,0,0,0,0,0,0,0,0,3500,0,0,0,0,0,0,0,0,0,0,0,0,0,0,0,0,0,0,0,0
419,0,0,0,1,0,0,0,0,0,0,0,1,0,66330,0,0,0,0,0,0,0,0,0,0,0,0,0,0,0,0,0,1,0,0
420,0,0,1,0,0,1,0,0,0,0,0,0,0,48510,1,0,0,1,0,0,0,0,0,0,0,0,0,0,0,0,1,0,0,0
421,1,0,0,0,0,0,0,0,0,0,0,0,0,47320,0,0,0,0,0,0,0,0,0,0,0,0,0,0,1,1,0,0,0,0
422,0,0,0,0,0,0,0,0,1,0,0,0,0,63180,0,0,0,0,0,0,0,0,0,1,0,0,1,0,0,0,0,0,0,0
423,0,0,0,1,0,0,0,1,0,0,0,0,0,42420,0,0,0,0,0,0,0,0,0,0,0,0,0,0,0,0,0,1,0,0
424,0,0,0,0,0,0,0,0,0,0,0,0,0,45360,0,0,0,0,0,0,0,0,1,0,0,0,0,0,0,0,0,0,0,1
425,0,0,0,0,0,0,0,0,0,0,0,0,0,48640,1,0,0,0,0,0,0,0,0,1,0,0,0,0,1,0,0,1,0,1
426,1,1,0,0,0,0,0,0,0,0,0,0,0,46560,0,0,1,0,0,0,0,0,1,1,0,0,0,0,0,0,0,0,0,0
427,0,0,0,1,0,0,0,0,0,0,0,1,0,47110,0,0,0,0,0,0,0,0,0,0,0,0,0,0,0,0,0,1,0,0
428,0,0,0,0,0,0,0,0,0,0,0,0,0,52260,0,0,0,0,0,0,1,0,1,0,0,0,0,0,1,0,1,0,0,1
429,1,0,0,0,0,0,0,0,0,0,0,1,0,38990,0,0,0,0,0,0,0,0,1,0,0,0,0,0,0,0,0,0,0,0
430,1,0,0,0,0,0,0,0,0,0,1,0,0,51030,0,0,0,0,0,0,0,0,0,0,0,0,0,0,1,0,0,0,0,0
431,1,0,0,0,0,0,0,0,0,0,0,0,0,44460,0,0,1,0,0,0,0,0,0,0,0,0,0,1,0,0,0,1,1,0
432,0,0,0,0,0,0,0,0,0,0,0,0,0,42910,0,0,0,0,0,1,0,0,1,0,0,0,0,0,1,0,0,0,0,1
433,0,0,0,1,0,0,0,1,0,0,0,0,0,40950,1,0,0,0,0,0,0,0,0,0,0,0,0,0,0,0,0,0,0,0
434,0,0,0,0,0,0,0,0,0,0,0,1,1,46620,0,0,0,0,0,0,0,0,0,0,0,1,0,0,0,0,1,0,0,0
435,1,0,0,0,0,0,0,1,0,0,1,0,0,58720,0,1,0,0,0,0,0,0,0,0,0,0,0,0,0,0,0,1,0,0
436,0,0,0,0,0,0,0,0,0,0,0,0,0,32550,0,0,0,0,0,0,0,0,0,0,0,0,0,0,1,0,0,1,0,0
437,0,0,1,0,0,0,0,0,0,0,0,0,0,4480,0,0,1,0,0,0,0,0,0,0,0,0,0,0,0,0,0,0,0,1
438,0,0,0,0,0,0,0,0,0,0,0,1,0,2320,0,0,0,0,0,1,0,0,0,1,0,0,0,0,0,0,0,0,0,0
439,0,0,0,0,0,0,0,0,0,0,0,0,0,4720,0,0,0,0,0,0,0,0,0,0,0,0,1,1,0,0,0,0,0,0
440,1,0,0,0,0,0,0,0,0,0,1,0,0,44590,0,0,1,0,0,0,0,0,1,0,0,0,0,0,0,0,1,0,1,0
441,1,0,0,0,0,0,0,0,0,0,1,1,0,54640,0,0,0,1,0,0,0,0,0,1,0,0,0,0,0,0,0,0,0,0
442,0,0,0,0,0,0,0,1,0,0,0,0,0,44800,0,0,0,0,0,0,0,0,0,0,0,0,0,0,0,0,0,1,0,1
443,0,0,0,1,0,0,0,0,0,0,0,0,0,2610,0,0,1,0,0,0,0,0,0,0,0,0,0,1,0,0,0,0,0,0
444,0,0,0,1,0,0,0,0,0,0,1,0,0,5180,0,1,0,0,0,0,0,0,0,0,0,0,0,0,1,0,0,0,0,0
445,1,0,1,0,0,0,0,0,0,0,0,0,0,42630,0,0,0,0,0,0,0,0,0,0,0,0,0,0,0,0,1,0,0,1
446,1,0,0,0,0,0,0,0,0,0,0,1,0,34580,0,0,0,0,0,0,0,0,0,0,0,0,0,0,0,0,1,0,0,0
447,0,0,0,1,0,0,0,1,0,0,0,0,0,50000,0,0,0,1,0,0,0,1,0,0,0,0,0,0,0,0,0,0,0,0
448,1,0,0,0,0,0,0,0,0,0,1,0,0,43050,0,0,0,0,0,0,0,0,0,0,0,0,0,0,1,0,0,0,1,0
449,0,0,0,0,1,0,0,0,0,0,0,0,0,55920,0,1,0,0,0,0,0,0,1,1,0,0,0,0,0,0,1,0,0,0
450,0,0,0,1,0,0,0,0,0,0,0,0,0,37380,0,0,0,0,0,0,0,0,0,0,0,0,0,0,0,0,1,0,0,0
451,1,0,0,0,0,0,0,0,0,0,0,0,0,42000,1,1,0,0,0,0,0,1,0,0,0,0,0,0,0,0,0,1,0,0
452,0,0,0,0,0,0,0,0,0,0,0,0,0,3120,1,0,0,0,0,0,0,0,0,0,0,0,0,0,0,0,0,0,0,0
453,1,0,0,0,0,0,0,0,0,0,0,0,0,47250,0,1,0,0,0,0,0,0,0,0,0,0,0,0,0,0,1,0,0,0
454,0,0,0,1,0,0,0,0,0,0,0,0,0,39870,0,0,1,0,0,0,0,1,0,0,0,0,0,0,0,0,0,1,0,0
455,0,0,0,1,0,0,0,0,0,0,0,0,0,60550,0,0,1,0,0,0,0,0,0,1,0,0,0,0,0,1,0,0,0,0
456,0,0,0,1,0,0,1,0,0,0,1,0,0,6120,0,0,0,0,0,0,0,0,1,0,0,0,0,0,0,0,0,0,1,0
457,0,0,0,0,0,1,0,0,0,0,0,1,0,59850,0,0,0,0,0,0,0,0,1,0,0,0,0,0,0,0,0,1,0,1
458,1,0,0,0,0,0,0,0,0,0,0,0,0,77670,0,0,0,0,0,0,0,0,0,0,0,0,0,0,0,0,0,1,0,0
459,0,0,0,1,0,0,0,0,0,0,0,0,0,55650,0,0,0,0,0,0,0,0,0,0,0,0,0,0,1,0,0,1,1,0
460,0,0,0,1,0,1,0,0,0,0,0,0,0,55440,0,0,0,1,0,0,0,0,0,0,0,0,0,0,1,0,1,0,0,1
461,0,0,0,1,0,0,0,0,0,0,0,1,1,39680,0,0,0,0,0,0,0,0,0,1,0,0,0,0,0,0,0,1,0,0
462,0,0,0,0,0,0,0,0,1,0,0,1,0,35820,0,0,0,1,0,0,0,0,0,0,0,0,0,0,0,0,0,0,0,1
463,1,0,0,0,0,0,0,1,0,0,0,0,0,61520,0,0,0,0,0,0,0,0,0,0,0,0,0,0,0,0,0,1,0,0
464,1,0,0,0,0,0,0,0,0,0,0,0,0,47950,0,0,0,0,0,0,0,0,0,0,0,1,1,0,1,0,0,0,0,0
465,0,0,0,0,0,0,0,0,0,0,0,0,0,65120,0,0,0,0,0,0,0,0,0,0,0,0,1,1,0,0,1,0,0,0
466,0,0,0,0,0,0,0,1,0,0,0,0,0,42480,0,0,0,0,0,0,1,0,1,0,0,0,0,0,0,0,0,1,0,0
467,0,0,0,0,0,1,0,0,0,0,0,0,0,31590,1,0,0,0,0,0,0,0,0,0,0,0,0,1,1,0,0,1,0,0
468,0,0,0,1,0,1,0,0,0,0,0,0,0,38400,0,0,1,0,0,0,0,0,0,1,0,0,0,0,0,0,0,0,1,0
469,0,0,0,1,0,1,0,0,0,0,0,0,0,35460,0,0,1,0,0,0,0,0,0,0,0,0,0,0,0,0,0,1,0,0
470,0,0,0,0,0,0,1,0,0,0,0,0,0,40810,0,0,0,0,0,0,0,0,0,0,0,1,0,0,0,0,0,0,0,1
471,0,0,0,1,0,0,0,0,0,0,1,0,0,57440,0,0,0,1,0,0,0,0,0,1,0,0,0,0,0,1,0,0,0,0
472,1,0,0,0,1,0,0,0,1,0,0,0,0,60320,0,0,1,0,1,0,0,0,0,1,0,0,0,0,0,0,0,1,0,0
473,0,0,0,0,0,0,0,1,0,0,0,0,0,4720,0,0,0,0,0,0,0,0,0,0,0,0,0,0,0,0,0,0,0,0
474,0,0,1,1,0,0,0,0,0,0,0,0,0,4720,0,0,0,0,0,0,0,0,0,0,0,0,0,0,1,0,0,0,0,1
475,1,0,0,0,0,0,0,0,0,0,0,0,0,44720,0,0,0,0,0,0,0,0,1,0,0,0,0,0,1,0,0,1,0,0
476,0,0,0,0,0,0,0,0,0,0,0,0,0,51040,0,0,0,0,0,0,0,0,0,0,0,0,0,0,0,0,1,0,0,1
477,1,1,0,0,0,0,0,0,0,1,0,0,0,43620,0,0,0,0,0,0,0,0,0,0,0,0,0,1,1,0,0,1,0,1
478,0,0,1,1,0,0,0,0,0,0,0,0,0,4410,0,0,0,0,1,0,0,0,1,0,0,0,0,0,0,0,0,0,0,1
479,0,0,0,0,0,0,0,0,0,0,0,0,0,66570,0,0,0,0,0,0,0,0,0,1,0,0,0,0,1,0,0,0,1,1
480,0,0,0,0,0,0,0,1,0,0,0,0,0,50800,1,0,0,0,0,0,0,0,0,0,0,0,0,0,0,0,1,0,0,0
481,0,0,0,1,0,0,0,0,0,0,0,0,0,44030,0,0,0,0,0,0,0,0,1,0,0,0,0,0,1,0,1,0,0,0
482,0,0,0,0,0,1,0,0,0,0,0,0,0,46410,0,0,1,0,0,0,0,0,0,1,0,0,1,0,0,0,0,0,0,1
483,0,0,0,1,0,0,0,0,0,0,0,0,0,57050,0,0,0,0,1,0,1,0,0,0,0,0,0,0,0,0,1,0,0,0
484,0,0,0,1,0,0,0,0,0,0,0,1,0,30000,0,0,0,0,1,0,0,0,0,0,0,0,0,0,0,1,1,0,0,0
485,1,0,0,0,0,0,0,0,0,0,0,0,0,30730,0,0,0,0,0,0,0,0,0,0,0,0,0,0,0,0,0,0,0,0
486,1,0,0,0,0,0,0,0,0,0,0,0,0,48330,0,0,0,0,0,0,0,1,0,0,0,0,0,1,0,0,1,0,0,0
487,0,0,0,1,0,0,0,0,0,0,0,0,0,44310,0,0,0,0,1,0,0,0,0,0,0,0,0,0,1,0,1,0,1,0
488,1,0,0,0,0,0,0,0,0,0,0,1,0,41860,1,0,0,0,0,0,0,0,0,0,0,0,0,0,0,0,0,1,0,0
489,1,1,0,0,0,0,0,0,0,0,1,0,0,52200,0,0,1,0,0,0,0,0,0,0,0,0,0,0,0,0,0,0,0,1
490,0,0,0,1,0,0,0,0,0,0,0,0,0,1750,0,0,0,0,1,0,0,0,0,1,0,0,0,0,0,0,0,0,0,0
491,0,0,0,1,0,0,0,0,0,0,0,0,0,40590,0,1,0,0,0,0,0,0,0,0,0,0,0,1,0,0,0,0,0,0
492,0,0,0,0,0,0,0,1,0,1,0,0,0,46320,0,0,0,0,0,0,1,0,0,0,0,0,0,0,0,0,0,1,0,0
493,0,0,0,1,0,0,0,0,0,0,0,0,0,46350,0,1,1,0,0,0,0,1,1,0,0,0,0,0,0,0,1,0,0,0
494,0,0,0,0,0,0,0,0,0,0,0,1,0,44870,0,0,0,0,1,0,0,0,0,0,0,0,0,0,0,0,1,0,0,1
495,0,0,0,1,0,0,0,0,0,0,0,0,0,53520,0,0,0,0,0,0,1,0,0,0,0,0,0,0,0,0,1,0,0,0
496,0,0,0,0,0,0,0,0,1,0,0,0,0,4160,0,0,0,0,0,0,0,0,0,0,0,0,0,0,0,0,0,0,0,0
497,0,0,0,1,0,0,0,1,0,0,0,0,0,26480,1,0,0,1,0,0,0,0,0,0,0,0,0,0,0,0,1,0,0,0
498,0,0,0,0,0,0,0,0,0,0,0,0,0,52020,0,0,1,0,0,0,0,0,0,0,0,0,0,0,0,0,0,0,0,1
499,0,0,0,1,0,0,1,0,0,1,0,1,0,53360,0,0,0,0,0,0,1,0,0,0,0,0,0,0,0,0,0,1,0,0
500,0,0,0,1,0,0,1,0,0,0,0,0,1,55230,0,0,0,0,0,0,0,0,0,0,0,0,0,0,1,0,0,1,0,0
501,0,0,0,0,0,0,0,0,0,0,0,0,0,34860,0,0,0,1,0,0,0,0,1,1,0,0,0,0,0,0,0,1,0,0
502,0,0,0,0,0,0,0,0,0,0,0,0,0,56320,0,0,0,0,1,0,0,0,0,1,0,0,0,0,0,0,0,1,0,0
503,1,0,0,0,0,0,0,0,0,0,0,1,0,34320,0,0,0,0,0,0,0,0,0,0,0,0,1,0,0,0,0,0,0,0
504,0,0,0,0,0,0,0,1,0,0,0,0,0,35880,0,0,0,0,0,0,0,0,0,0,0,1,0,1,0,0,1,0,0,1
505,0,0,0,1,0,0,0,0,0,0,0,0,0,38220,0,1,0,0,0,0,0,0,0,1,0,0,0,0,1,0,1,0,0,0
506,0,0,0,1,0,0,0,0,0,0,0,0,0,41510,0,0,0,1,0,0,0,0,0,0,0,0,0,0,1,0,1,0,0,0
507,0,0,0,1,0,0,0,0,0,0,0,0,0,38720,0,0,0,0,0,0,0,0,0,0,0,0,0,0,0,0,0,0,1,0
508,1,0,0,0,0,0,0,0,0,0,0,0,1,43120,0,0,0,0,0,0,0,0,0,0,0,0,0,0,0,0,0,0,0,0
509,1,0,0,0,0,0,0,0,0,0,0,0,0,55620,1,0,0,0,0,0,0,0,0,0,0,0,0,0,0,0,1,0,0,0
510,1,0,0,0,0,0,0,0,0,0,0,0,0,62300,0,1,0,0,0,0,0,0,0,1,0,0,0,0,0,0,1,0,0,0
511,0,0,0,0,0,1,0,0,0,0,0,0,0,4920,0,0,0,0,0,0,0,0,0,0,0,0,0,0,0,0,0,0,0,0
512,1,0,0,0,0,0,0,0,1,0,0,0,0,41160,0,0,1,0,0,0,0,0,0,1,0,0,0,0,0,0,1,0,0,0
513,0,0,1,1,0,0,0,0,0,0,0,0,0,35820,1,0,1,0,0,0,0,0,0,0,0,0,0,0,0,0,0,1,0,1
514,1,1,0,0,0,0,0,0,0,0,0,0,1,45450,1,0,0,0,0,0,0,0,0,0,1,0,0,0,0,0,1,0,0,0
515,1,0,0,0,0,0,0,0,0,0,0,0,0,26000,0,0,0,1,0,0,0,0,0,0,0,0,0,0,1,0,0,1,0,0
516,1,0,0,0,0,0,0,1,0,0,0,0,0,32130,1,0,0,0,0,0,0,0,0,1,0,0,0,0,0,0,0,0,0,0
517,0,0,0,0,0,0,0,0,1,0,0,1,0,58640,0,0,0,0,1,0,0,0,0,0,0,0,0,0,0,0,0,0,0,1
518,0,0,0,1,0,0,0,0,0,0,0,0,0,38240,0,0,0,0,0,0,1,0,0,0,0,0,0,0,1,0,1,0,0,0
519,0,0,0,0,0,0,0,0,0,0,0,0,0,2560,0,0,0,1,0,0,0,0,0,0,0,0,0,0,0,0,0,0,0,0
520,1,0,0,0,0,0,0,0,1,0,0,1,0,56000,0,0,0,0,0,0,0,0,0,0,0,0,0,0,0,0,0,0,0,0
521,1,0,0,0,0,0,0,0,0,0,0,0,0,56070,0,0,1,0,0,1,0,0,0,1,0,1,0,0,0,0,1,0,0,0
522,0,0,0,1,0,0,0,0,1,0,0,0,1,39060,1,0,0,0,0,0,0,0,0,0,1,0,0,0,1,0,1,0,0,0
523,1,0,0,0,0,0,1,0,0,0,0,1,0,42880,0,0,0,0,0,0,0,0,0,0,0,0,0,0,0,1,1,0,0,0
524,0,0,0,1,0,0,0,0,0,0,0,1,0,1440,0,0,0,1,0,0,0,0,0,0,0,1,0,0,0,0,0,0,0,0
525,0,0,0,0,0,0,0,0,0,0,0,1,0,5300,0,0,0,0,0,0,0,0,0,0,0,0,0,0,0,0,0,0,0,0
526,0,0,0,0,0,0,0,0,0,0,0,0,0,57360,0,0,0,0,0,0,0,0,0,0,0,0,0,1,0,0,0,1,0,0
527,0,0,0,0,0,0,0,0,0,0,0,0,0,2100,0,0,0,0,0,0,0,0,1,0,0,0,0,0,1,0,0,0,0,0
528,1,0,0,0,0,0,0,0,0,0,0,0,0,63300,0,0,1,0,0,0,0,0,0,1,0,0,0,0,0,0,0,0,0,0
529,0,0,0,0,0,0,0,0,0,0,0,0,0,54960,0,0,0,0,0,0,0,0,0,1,0,0,0,0,1,1,0,0,0,1
530,0,0,0,1,0,0,0,0,0,0,0,0,0,60160,0,0,0,0,0,0,0,1,1,0,0,0,0,0,0,0,0,0,0,0
531,0,0,0,0,0,0,0,0,0,0,0,0,0,58880,1,0,1,0,0,0,0,0,0,0,0,0,0,0,0,0,0,0,0,0
532,1,0,0,0,0,0,1,0,0,0,0,1,0,59310,0,0,0,0,0,0,0,0,0,0,0,1,0,1,0,0,0,0,0,0
533,0,0,0,1,0,0,0,0,0,0,0,0,0,4960,0,0,1,0,0,0,0,0,0,0,0,0,0,0,0,0,0,0,0,0
534,1,0,0,0,0,0,0,1,0,0,0,0,0,45520,0,0,0,0,1,0,0,0,0,1,0,0,0,0,0,0,1,0,0,0
535,0,0,0,0,0,0,0,1,0,0,0,0,0,39300,1,0,0,0,0,0,0,0,0,0,0,0,0,0,0,0,0,1,0,1
536,0,0,0,0,0,1,0,0,0,0,0,0,0,46240,0,0,0,1,0,0,0,0,0,1,0,0,0,0,0,0,0,0,0,0
537,0,0,0,1,0,0,0,0,0,0,0,0,0,49120,0,1,0,0,0,0,0,0,0,0,0,0,0,0,1,0,0,1,0,0
538,0,0,0,1,0,0,0,0,0,0,1,1,0,3290,0,0,0,0,0,0,0,0,0,0,0,0,0,1,0,0,0,0,0,1
539,1,0,0,0,0,0,0,0,1,0,0,0,0,47180,1,0,0,0,0,0,0,0,0,0,0,0,0,0,1,0,0,0,0,0
540,0,0,0,0,0,1,0,1,0,0,0,0,0,62370,0,1,0,0,0,0,0,0,0,0,0,0,0,1,0,0,0,0,0,0
541,0,0,0,0,0,0,0,0,0,0,0,0,0,8300,0,0,0,0,0,0,0,0,0,0,0,0,0,0,1,0,0,0,0,0
542,0,0,0,0,0,0,0,0,0,0,0,0,0,30590,0,0,0,0,0,0,0,0,0,0,0,0,0,0,0,0,1,0,0,0
543,0,0,0,1,0,0,0,0,0,0,0,0,0,34020,0,0,1,0,0,0,0,0,1,0,0,0,0,0,0,0,1,0,0,0
544,0,0,0,1,0,0,0,0,0,0,0,0,1,37870,0,0,0,0,0,0,0,0,0,0,1,0,0,1,0,0,0,0,1,1
545,0,0,0,0,0,0,0,0,0,0,0,1,0,53480,0,0,0,0,0,0,0,0,0,0,0,0,0,0,0,0,0,0,0,0
546,1,0,0,0,0,0,0,1,0,0,0,0,0,48020,0,0,0,0,0,1,0,0,0,0,0,0,0,1,0,0,0,1,0,0
547,0,0,0,0,0,0,0,0,0,0,0,0,0,48300,0,0,0,0,1,0,0,0,0,0,0,0,0,0,0,0,0,1,0,1
548,0,0,0,1,0,0,0,0,0,0,0,0,0,6480,0,0,0,1,0,0,0,0,0,0,0,0,0,1,1,0,0,0,0,0
549,0,0,0,1,1,0,0,0,0,0,0,1,0,42770,0,0,0,0,1,0,0,0,0,0,0,0,0,0,0,0,1,0,0,0
550,1,0,0,0,0,1,0,0,0,0,0,0,0,34000,0,0,0,0,0,0,0,0,0,0,0,0,0,0,0,0,0,1,0,0
551,0,0,0,1,0,0,0,1,0,0,0,0,0,64800,0,0,0,0,1,0,0,0,0,0,0,0,0,0,0,0,1,0,0,0
552,0,0,1,1,0,0,0,0,0,0,0,0,0,2940,0,0,1,0,0,0,0,0,1,0,0,0,1,0,0,0,0,0,0,1
553,0,0,0,0,0,0,0,0,0,0,0,0,1,5040,0,0,0,1,0,0,1,0,0,0,0,0,0,0,0,0,0,0,0,0
554,0,0,0,1,0,0,0,0,1,1,0,0,0,25020,0,0,1,0,0,0,0,0,0,0,0,0,0,0,0,0,0,1,0,0
555,0,0,0,0,0,1,0,1,0,0,0,0,0,49210,0,0,0,0,0,0,0,0,1,0,0,0,0,0,0,0,1,0,0,1
556,0,0,0,0,0,0,0,0,0,0,0,1,0,3600,1,0,0,0,0,0,0,0,0,1,0,0,0,0,0,0,0,0,0,0
557,0,0,0,1,0,0,1,0,0,0,0,1,0,3440,0,0,0,0,0,0,0,0,0,0,0,0,0,0,0,0,0,0,0,0
558,1,0,0,0,0,0,0,0,0,1,0,0,0,19110,1,0,1,0,0,0,0,0,0,1,0,0,0,0,0,0,0,1,1,1
559,0,0,0,1,0,0,1,0,0,0,0,0,0,39040,0,0,1,0,0,0,0,0,0,1,0,0,0,0,0,0,1,0,0,0
560,1,0,0,0,0,0,0,0,0,0,0,1,0,35100,0,0,0,0,0,0,0,1,1,1,0,0,0,0,0,0,0,1,0,0
561,0,0,1,1,0,0,0,1,0,0,0,0,0,58870,0,0,0,0,0,0,0,0,0,0,0,0,0,0,0,0,0,0,0,1
562,1,0,0,0,0,0,0,0,0,0,0,1,0,47880,1,0,0,0,0,0,0,0,0,0,0,0,0,0,0,0,0,0,0,0
563,0,0,0,1,0,0,0,0,1,0,0,0,0,33180,0,0,1,0,0,0,0,0,0,0,0,0,0,0,0,0,1,0,0,0
564,0,0,0,1,0,0,0,0,1,0,0,1,0,40390,0,0,0,0,0,0,0,0,0,0,0,0,0,1,0,0,1,0,0,0
565,0,0,0,1,0,0,0,0,0,0,0,0,0,74790,0,0,1,0,0,0,0,0,0,1,0,0,0,0,0,0,0,1,0,0
566,0,0,0,1,0,0,0,0,0,0,0,0,0,38010,0,0,0,0,0,0,0,0,0,0,0,0,0,0,0,0,1,0,0,0
567,0,0,0,0,0,0,1,1,0,0,0,0,0,21520,0,0,0,0,0,0,0,0,0,0,0,0,0,0,0,0,0,0,0,1
568,1,0,0,0,0,0,0,0,0,0,0,0,0,59220,0,0,0,0,0,0,1,1,0,1,0,0,0,0,1,0,1,0,0,0
569,1,0,0,0,0,0,1,0,0,0,0,1,0,55760,1,0,0,0,0,0,1,0,0,0,0,0,0,0,0,0,0,0,0,0
570,1,0,0,0,0,1,0,0,0,0,0,0,0,25480,0,0,0,0,0,0,0,0,0,1,0,0,0,0,0,0,1,0,0,0
571,0,0,0,1,0,0,0,0,0,0,0,1,0,28140,0,0,0,0,0,0,0,0,0,0,0,0,0,0,0,0,0,1,0,0
572,0,0,0,0,0,0,0,1,0,0,0,0,0,50330,0,0,0,0,0,0,0,0,1,0,0,0,0,0,0,0,0,1,0,0
573,0,0,0,0,0,0,0,0,0,0,0,0,0,45180,0,0,1,0,0,0,0,0,0,0,0,0,0,0,0,0,1,0,0,1
574,1,0,1,0,0,0,0,1,0,0,0,0,0,33180,0,0,0,1,0,0,0,0,0,0,0,0,0,0,0,0,0,1,0,1
575,1,0,0,0,0,0,0,0,0,0,0,0,0,49770,0,0,0,0,0,0,0,0,0,0,0,1,0,0,0,0,0,0,0,0
576,0,0,0,1,0,0,0,1,0,0,0,0,0,48580,0,0,0,0,0,0,0,0,0,0,0,0,0,0,0,0,0,0,0,0
577,0,0,0,0,0,0,0,0,0,0,0,0,0,40000,0,0,1,0,0,0,0,0,0,0,0,0,0,0,0,0,1,0,0,1
578,1,0,0,0,0,0,0,0,0,0,0,0,0,35370,0,0,1,0,0,0,0,0,0,1,0,0,0,0,0,0,1,0,0,0
579,0,0,0,0,0,0,0,0,0,0,0,0,1,38520,0,0,0,0,0,0,1,0,0,0,1,0,0,0,0,0,0,1,0,1
580,1,0,0,0,0,0,0,0,0,0,0,1,0,42840,0,0,0,0,0,0,0,0,0,0,0,0,0,0,0,0,0,0,0,0
581,0,0,0,0,0,0,0,0,0,0,0,0,0,55360,0,0,0,0,0,1,0,0,0,0,0,0,0,0,0,0,0,1,0,0
582,0,0,0,1,0,0,0,0,0,0,0,0,0,58860,0,0,0,0,0,0,0,0,0,0,0,0,0,0,1,0,0,0,0,0
583,0,0,0,1,0,0,0,0,0,0,0,0,0,43330,0,0,0,0,0,0,0,0,1,0,0,0,0,0,0,0,1,0,0,0
584,0,0,0,0,0,0,0,1,0,0,0,0,0,4690,0,0,0,0,0,0,0,0,0,1,0,0,0,0,0,0,0,0,0,0
585,0,0,0,1,0,0,0,1,0,0,0,0,0,3570,0,0,0,0,0,0,0,1,0,0,0,0,0,0,0,0,0,0,1,0
586,0,0,0,0,0,1,0,0,0,0,0,1,0,3570,1,0,0,0,0,0,0,0,0,1,0,0,0,0,0,0,0,0,1,0
587,0,0,0,0,0,0,0,0,0,0,0,0,0,50680,0,0,1,0,0,0,0,0,0,0,0,0,0,0,0,0,0,0,1,1
588,0,0,0,0,0,0,0,0,0,0,0,0,0,49630,0,0,1,0,0,0,0,0,1,0,0,1,0,0,0,0,0,0,0,0
589,1,0,0,0,0,0,0,0,1,0,0,0,0,52080,0,0,0,0,0,0,0,0,0,1,0,0,0,0,0,0,0,1,0,0
590,1,0,1,0,0,0,0,0,0,0,0,0,0,49980,1,0,0,0,0,0,0,0,0,0,0,0,1,0,0,0,0,1,0,0
591,0,0,0,0,0,0,0,0,0,0,0,0,1,50890,0,0,1,0,1,0,0,0,0,1,0,0,0,0,0,0,1,0,1,1
592,1,0,0,0,0,0,0,0,0,0,0,0,0,44030,1,0,1,0,0,0,0,0,0,0,0,0,0,0,0,0,1,0,0,0
593,0,0,0,0,0,0,1,1,0,0,0,0,0,69210,0,0,0,0,0,0,0,0,0,0,0,0,0,1,0,0,0,1,0,1
594,0,0,0,0,0,0,0,1,0,0,0,0,0,44520,0,0,0,0,0,0,0,0,0,0,0,0,0,0,0,0,0,1,0,0
595,0,0,0,0,0,0,0,0,0,0,0,1,0,52000,0,0,0,0,0,0,0,0,0,0,0,0,0,0,0,0,1,0,0,0
596,0,0,0,0,0,0,0,0,0,0,0,0,0,4000,1,0,0,0,0,0,0,0,0,1,0,0,0,0,1,0,0,0,0,0
597,0,0,1,0,0,0,0,0,0,0,0,0,0,3500,0,0,0,0,0,0,0,0,0,0,0,0,0,0,0,0,0,0,0,1
598,0,0,0,0,0,0,0,0,0,0,0,0,0,36300,0,0,0,0,0,0,1,0,0,0,0,0,0,0,1,0,0,0,0,0
599,0,0,0,0,0,0,0,0,0,0,0,0,0,48160,0,0,0,0,0,0,0,0,1,1,0,0,1,0,1,0,0,0,0,0
600,0,1,0,1,0,0,0,0,0,0,0,0,0,34960,0,0,0,0,0,0,0,0,0,0,0,0,0,1,1,0,0,1,0,1
601,0,0,0,1,0,0,0,1,0,0,0,0,0,49840,0,0,0,0,0,0,0,0,1,0,0,0,0,0,0,0,0,0,0,0
602,1,0,1,0,0,1,0,0,0,0,0,1,0,35000,0,0,0,0,0,0,0,0,0,0,0,0,0,0,0,0,1,0,0,1
603,0,0,0,0,0,0,0,0,0,0,0,1,0,3850,0,0,0,0,0,0,0,0,1,1,0,0,0,0,0,1,0,0,0,0
604,0,0,0,1,0,0,0,0,0,0,0,0,0,53730,0,0,0,0,1,0,0,0,0,0,0,0,0,0,1,0,0,1,0,0
605,0,0,0,1,0,0,0,0,0,0,0,0,0,48020,0,1,1,0,0,0,0,0,0,0,0,0,0,0,0,0,1,0,0,0
606,1,0,0,0,0,0,0,0,0,0,0,1,0,46000,0,0,0,0,0,0,0,0,0,0,0,0,0,0,0,0,0,1,0,0
607,0,0,0,1,0,0,0,1,0,0,0,0,0,6090,0,1,0,0,0,0,0,0,1,0,0,0,0,0,0,0,0,0,0,0
608,1,0,0,0,0,1,0,1,0,0,0,0,0,53970,0,0,0,0,0,0,0,0,0,0,0,0,0,1,0,0,0,0,0,0
609,0,0,0,1,0,0,0,1,0,0,1,0,0,46200,0,0,0,0,0,0,0,0,1,0,0,0,0,0,0,0,0,0,0,0
610,0,0,0,1,0,0,0,0,0,0,0,0,0,39920,0,0,0,0,0,0,0,0,1,0,0,0,0,0,0,0,1,0,0,0
611,0,0,0,1,0,0,0,0,0,0,0,0,0,53840,0,0,0,0,0,0,0,0,0,1,0,0,0,0,0,0,0,0,0,0
612,1,0,1,0,0,0,0,0,0,0,0,0,0,39130,0,0,1,0,0,0,0,0,0,0,0,0,0,0,0,0,1,0,0,0
613,0,0,0,1,0,1,0,0,0,0,0,0,0,59670,0,0,1,0,0,0,0,0,0,0,0,0,1,0,0,0,0,0,0,0
614,0,0,0,1,0,0,0,1,0,0,0,0,0,3920,0,0,0,0,0,0,0,0,0,0,0,0,0,0,0,0,0,0,1,0
615,1,0,0,0,0,0,0,0,0,0,0,0,0,49490,0,0,0,1,0,0,0,0,0,1,0,0,0,0,1,0,0,1,0,0
616,0,0,0,0,0,0,0,0,0,0,0,0,0,52290,0,0,0,0,0,0,0,0,0,0,0,0,0,0,0,0,0,1,0,1
617,0,0,0,1,0,1,0,0,0,0,0,0,0,32480,0,0,0,1,0,0,0,0,0,0,0,0,0,0,0,0,0,0,0,0
618,1,0,0,0,0,0,0,0,0,0,0,0,0,25150,0,0,0,0,0,0,0,0,0,0,0,0,0,0,0,1,1,0,0,0
619,0,0,0,1,0,0,0,0,0,0,0,1,0,34240,0,0,0,0,0,0,0,0,0,0,0,0,0,0,0,0,0,0,0,0
620,0,0,1,1,0,1,0,0,0,0,0,0,0,32560,0,0,0,0,0,0,0,0,0,0,0,0,0,0,0,0,0,1,0,1
621,0,0,0,1,0,0,0,0,0,0,0,1,0,25200,0,0,0,0,0,0,0,0,1,0,0,0,0,0,0,0,0,1,0,0
622,0,0,0,0,0,0,0,1,0,0,0,0,0,2400,0,0,0,0,0,0,1,0,0,1,0,0,0,0,0,0,0,0,0,0
623,0,0,0,0,0,0,0,0,0,0,0,0,0,57440,0,0,0,0,0,0,0,0,0,0,0,0,0,1,0,0,1,0,1,1
624,0,0,0,1,0,0,0,0,0,0,0,0,0,4480,0,1,1,0,0,0,0,0,0,0,0,0,0,0,0,0,0,0,0,0
625,0,0,0,0,0,0,0,0,1,0,0,1,0,62000,0,0,0,0,0,0,0,0,0,0,0,0,0,0,0,0,0,0,0,0
626,0,0,0,0,0,0,0,0,0,0,1,0,0,54630,0,0,1,0,0,0,1,0,1,0,0,0,0,0,0,0,0,1,0,0
627,0,0,0,0,0,0,0,0,0,0,0,0,0,3850,0,0,0,0,0,0,0,0,0,1,0,0,0,0,0,0,0,0,0,0
628,0,0,0,0,1,0,0,1,1,0,0,0,0,63920,0,0,0,0,0,0,0,0,0,0,0,0,0,0,0,0,0,0,0,1
629,1,0,1,0,0,0,1,1,0,0,0,0,0,44000,0,0,0,0,0,0,0,0,0,0,0,0,0,0,0,0,0,1,0,1
630,0,0,0,1,0,0,0,0,0,0,0,0,0,56140,0,0,0,0,0,0,0,1,0,0,0,0,0,0,1,0,0,0,0,0
631,1,0,0,0,0,0,0,0,0,0,0,0,0,39040,0,0,0,0,0,0,0,0,0,0,0,0,0,0,0,1,1,0,0,0
632,0,0,0,1,0,0,0,0,0,0,0,0,0,43040,0,0,1,0,0,0,0,0,1,0,0,0,0,1,0,0,0,0,0,0
633,0,0,0,0,0,0,1,0,0,0,0,0,0,40770,0,0,0,0,0,0,0,0,0,0,0,0,0,0,0,0,1,0,0,1
634,0,0,0,0,0,0,0,0,0,0,0,0,0,39520,0,0,0,0,0,0,0,0,1,1,0,0,1,0,0,0,0,1,0,0
635,0,0,1,0,0,0,1,1,0,0,0,0,0,2080,0,0,0,0,0,0,0,0,0,0,0,0,0,0,0,0,0,0,0,1
636,0,0,0,1,0,0,1,0,0,1,0,1,0,4270,0,0,0,0,0,0,0,0,0,1,0,0,0,0,0,0,0,0,0,0
637,0,0,0,0,0,0,1,0,0,0,0,0,0,5360,0,0,0,0,0,0,0,0,1,1,0,0,0,0,0,0,0,0,0,0
638,0,0,1,0,0,0,0,0,0,0,0,0,0,40640,0,0,0,0,0,0,0,0,0,0,0,0,0,0,0,0,0,1,0,1
639,0,0,0,1,0,0,0,0,0,0,0,0,0,31140,0,0,1,0,0,0,0,0,0,0,0,0,0,1,0,1,0,1,0,0
640,1,0,0,0,0,0,0,0,0,0,0,0,0,65200,0,0,0,0,1,0,0,0,1,0,0,0,0,0,0,0,0,1,0,0
641,1,0,0,0,0,0,0,0,0,0,0,0,0,39690,0,0,0,0,0,0,0,0,0,0,0,0,0,0,0,0,1,0,0,0
642,0,0,0,0,0,0,0,0,0,0,0,0,0,50940,0,0,0,0,0,0,0,0,0,0,0,0,0,0,0,0,1,0,0,0
643,0,0,0,0,0,0,0,0,0,0,0,0,0,37760,0,0,1,0,0,0,0,0,1,0,0,0,0,0,0,0,0,1,0,1
644,0,0,0,1,0,1,0,1,0,0,0,0,0,38880,1,0,0,0,1,0,0,0,0,0,0,0,0,0,0,0,0,0,0,0
645,1,0,0,0,0,0,0,0,0,0,0,0,1,45680,0,0,1,0,0,0,0,0,0,0,0,0,0,0,0,0,1,0,0,0
646,1,0,0,0,0,0,0,0,0,0,1,0,0,56320,0,0,0,0,0,0,0,0,0,0,0,0,0,0,0,0,0,0,1,0
647,0,0,0,1,0,0,1,0,0,0,0,0,0,47810,1,0,0,0,0,0,0,0,0,0,0,0,0,0,0,0,0,1,0,0
648,0,0,0,0,0,0,0,0,0,0,0,0,1,3680,0,0,0,0,0,0,0,0,0,0,0,0,0,0,1,0,0,0,0,0
649,1,0,1,0,0,0,0,0,0,0,0,0,0,39600,0,0,1,1,0,0,0,0,0,1,0,0,0,0,0,0,0,1,0,1
650,0,1,0,0,0,0,0,0,0,0,0,0,0,54390,0,0,0,0,0,0,0,0,0,0,0,0,0,0,1,0,0,1,0,1
651,0,0,0,1,0,0,0,0,0,0,0,0,0,54390,1,0,0,0,0,0,0,0,0,0,0,0,1,0,0,0,0,0,0,0
652,0,0,0,0,0,0,0,1,0,0,0,0,0,43750,1,0,0,0,0,1,0,0,0,0,0,0,0,0,0,0,0,0,1,1
653,0,0,0,1,0,0,0,0,0,0,0,0,0,57960,0,0,0,0,0,0,0,0,0,0,0,0,0,0,0,0,0,1,0,0
654,0,0,0,1,0,0,1,0,0,0,0,0,0,36270,0,0,0,0,0,1,0,0,0,1,0,0,0,0,1,0,0,1,0,0
655,0,0,0,0,0,0,0,0,0,0,0,0,0,76000,0,0,0,0,0,0,0,0,0,1,0,0,1,0,1,0,0,1,0,0
656,0,0,0,0,0,0,0,0,0,0,0,0,0,2730,0,0,0,0,0,0,0,0,0,0,0,0,0,0,1,0,0,0,1,0
657,0,1,0,1,0,0,0,0,0,0,0,0,0,41580,0,0,0,0,0,0,0,0,0,0,0,0,0,0,1,0,0,0,0,1
658,0,0,0,1,0,0,0,0,0,0,0,0,0,46830,0,0,0,0,0,0,1,0,0,0,0,0,0,0,1,0,1,0,0,0
659,0,0,0,1,0,0,0,0,0,0,0,0,0,30520,0,0,0,0,0,0,0,0,0,0,0,0,0,0,1,1,0,0,0,0
660,1,0,0,0,0,0,0,0,0,0,0,0,0,43960,1,0,0,0,0,0,0,0,0,0,0,0,0,0,0,0,0,0,0,0
661,0,0,0,0,0,0,0,0,0,0,1,0,0,41650,1,0,0,0,0,0,0,0,0,0,0,1,0,1,0,0,0,1,0,0
662,1,0,0,0,0,0,0,0,0,0,0,0,1,41580,0,0,1,0,1,0,0,0,0,1,0,1,0,0,0,0,0,0,0,0
663,1,0,0,0,0,0,0,1,0,1,0,0,0,26530,0,1,0,0,0,0,0,0,0,0,0,0,0,0,0,0,0,1,0,0
664,0,0,0,1,0,0,0,1,0,0,0,0,0,44170,0,0,0,0,0,0,0,0,1,0,0,0,0,0,0,0,0,1,0,0
665,1,0,1,0,0,0,0,0,0,0,0,0,0,47160,0,0,0,0,0,0,0,0,0,1,0,0,0,0,1,0,0,0,0,1
666,0,0,0,0,1,0,0,0,0,0,0,0,0,46400,0,0,1,0,0,0,0,0,1,0,0,0,0,0,0,0,0,1,0,1
667,1,0,0,0,0,0,0,0,1,0,0,0,0,33600,0,0,0,0,0,1,0,0,0,0,0,0,0,0,0,0,1,0,0,0
668,0,0,0,0,0,0,0,0,0,0,0,0,0,46800,0,0,1,0,0,0,0,0,1,0,0,0,0,1,0,0,1,0,0,0
669,0,0,0,0,0,0,0,0,0,0,0,0,0,44160,0,0,0,0,0,0,0,0,0,0,0,0,0,0,0,0,1,0,0,0
670,1,0,0,0,0,0,1,1,0,0,0,0,0,49080,0,0,0,0,0,0,1,0,0,0,0,0,0,0,0,0,1,0,0,0
671,0,0,0,1,0,0,0,0,0,0,0,0,0,42800,0,0,0,0,0,0,0,0,1,0,0,0,0,0,1,0,0,0,0,0
672,0,0,0,1,0,0,0,0,0,0,0,0,0,24240,0,0,1,0,0,0,0,0,1,1,0,0,0,0,0,0,1,0,0,0
673,0,0,0,0,0,0,0,1,0,0,1,0,0,26040,1,0,0,0,0,0,0,0,0,0,0,0,0,0,0,0,1,0,0,0
674,0,0,0,0,0,0,0,1,0,0,0,0,0,2880,1,0,0,0,0,0,0,0,0,0,0,0,0,1,0,0,0,0,0,0
675,0,0,0,0,0,0,0,0,0,0,0,0,0,2940,0,0,0,1,0,0,0,0,0,0,0,0,0,0,1,0,0,0,0,0
676,0,0,0,1,0,0,0,0,0,0,0,1,0,42160,0,0,0,0,0,0,0,0,0,0,0,0,0,0,0,0,0,0,0,0
677,0,0,0,0,0,0,0,0,0,0,0,0,0,3360,0,0,0,0,0,0,0,0,0,0,0,0,0,0,0,0,0,0,0,0
678,0,0,0,1,0,0,0,1,0,0,0,0,0,48510,0,1,0,0,0,0,0,0,0,0,0,0,0,0,0,0,0,0,0,0
679,0,0,0,1,0,0,0,0,0,0,1,1,0,24360,0,0,0,0,0,0,1,0,1,0,0,0,0,0,0,0,0,1,0,0
680,1,0,0,0,0,0,0,0,1,0,0,0,0,47040,0,0,1,0,0,0,0,0,0,0,0,0,0,0,0,0,0,0,0,0
681,0,0,0,0,0,0,0,0,0,0,0,0,1,1760,0,0,0,0,1,0,0,0,0,0,0,0,0,0,0,0,0,0,0,0
682,0,0,0,0,0,1,0,0,0,0,0,0,0,4400,0,0,0,0,0,0,0,0,0,0,0,1,0,0,1,0,0,0,0,0
683,1,0,1,0,0,0,0,1,0,0,0,0,0,34160,0,0,0,0,0,0,0,0,0,0,0,0,1,0,0,0,1,0,0,1
684,0,0,0,0,0,0,0,1,0,0,0,0,0,29280,1,1,0,0,0,0,0,0,0,0,0,0,0,0,0,0,0,0,0,1
685,0,0,0,0,0,0,0,1,0,0,0,0,0,35000,0,0,0,0,0,0,0,0,1,0,0,0,0,0,0,0,1,0,0,0
686,0,0,0,0,0,0,0,0,0,0,0,0,0,2880,0,0,0,1,0,0,0,0,0,0,0,0,0,0,0,0,0,0,0,0
687,0,0,0,1,0,0,0,0,0,1,0,0,0,61650,0,0,1,0,0,0,0,0,0,1,0,0,0,0,0,1,1,0,0,0
688,0,0,0,1,0,0,0,0,0,0,0,0,0,37440,0,0,0,0,0,1,0,0,0,1,0,0,0,0,1,0,0,1,0,0
689,0,0,0,0,0,0,0,0,0,0,0,0,0,45840,0,0,1,0,1,0,0,0,0,0,0,0,0,0,0,0,0,1,0,0
690,0,0,0,1,1,0,0,0,0,0,0,1,0,46160,0,0,0,0,0,0,0,0,0,0,0,1,1,0,0,0,0,0,0,0
691,0,0,0,0,1,0,0,0,0,0,0,0,0,32320,0,0,0,1,0,0,0,0,0,1,0,0,0,0,1,0,0,0,0,1
692,0,0,0,1,0,0,0,0,0,0,0,0,0,4200,0,0,0,0,0,0,0,0,0,1,0,0,0,0,0,0,0,0,0,0
693,0,0,0,1,0,0,0,0,0,0,0,0,0,57900,0,0,0,0,0,0,0,0,0,1,0,0,0,0,0,0,0,1,0,0
694,1,0,0,0,0,0,0,0,0,0,0,0,0,45600,0,1,0,0,0,0,0,0,0,1,0,0,0,0,0,0,1,0,0,0
695,0,0,0,0,0,0,0,1,0,0,0,0,1,2100,0,0,0,0,0,0,0,0,1,1,0,0,0,0,0,0,0,0,0,0
696,1,0,0,0,0,1,0,0,0,0,0,0,0,34400,1,0,0,0,0,0,0,0,0,1,0,0,0,0,0,0,1,0,0,0
697,0,0,0,0,0,0,0,0,0,0,0,0,0,40080,0,0,0,1,0,0,0,0,0,0,0,0,0,1,0,0,1,0,0,0
698,0,0,0,0,0,0,0,0,0,0,0,0,0,3360,0,1,0,0,0,0,0,0,0,0,0,0,0,0,0,0,0,0,0,0
699,1,0,0,0,0,0,0,0,0,1,0,0,0,51570,0,0,0,0,0,0,0,0,1,0,0,0,0,1,0,1,0,0,0,1
700,0,0,0,0,0,0,0,0,0,0,0,0,0,52080,0,0,0,1,0,0,0,0,0,1,0,0,0,0,0,0,0,0,0,1
701,0,0,0,0,0,0,0,0,0,0,0,0,0,28240,0,0,0,0,0,0,0,0,0,0,0,0,0,0,1,0,1,0,0,1
702,0,0,0,1,0,1,0,1,0,0,0,0,0,1680,0,0,0,1,0,0,1,0,0,0,0,0,0,0,0,0,0,0,0,0
703,1,1,0,0,0,0,0,0,0,0,0,0,0,46300,0,0,0,0,0,0,0,0,0,0,0,0,0,0,0,0,1,0,0,1
704,0,0,0,0,0,0,0,0,0,0,0,1,0,30240,0,0,0,0,0,0,0,1,1,0,0,0,0,0,0,0,1,0,0,1
705,0,1,0,1,0,0,0,0,0,0,0,0,0,46800,0,0,0,1,0,0,0,0,0,0,0,0,0,0,0,0,0,1,0,1
706,0,0,0,1,0,0,0,0,0,0,0,0,0,59490,0,0,1,0,0,0,0,0,1,0,0,0,1,0,0,0,1,0,0,0
707,0,0,1,1,0,0,0,0,0,0,0,0,0,67590,0,0,0,0,0,0,0,0,0,0,0,0,0,0,0,0,1,0,0,1
708,1,0,0,0,0,0,0,0,0,0,0,0,0,45850,0,0,0,0,0,0,0,0,0,0,0,0,0,0,0,1,1,0,0,1
709,0,0,1,1,0,1,0,0,0,0,0,0,0,39970,1,0,0,0,0,0,0,0,0,0,0,0,1,0,0,0,0,0,0,1
710,0,0,0,0,0,0,0,0,0,0,0,0,0,56160,0,0,0,0,0,0,0,0,0,0,0,0,0,0,1,0,0,1,0,1
711,0,0,0,1,0,0,0,0,0,0,0,1,0,2940,0,0,0,0,0,0,0,0,0,0,0,0,0,0,0,0,0,0,0,0
712,0,0,1,0,0,0,0,0,0,0,0,1,0,49860,0,0,0,0,0,0,0,0,0,0,0,0,0,0,0,0,0,1,0,1
713,0,0,0,0,0,0,0,0,0,0,0,1,0,36640,0,1,0,0,0,0,0,0,0,0,0,0,0,0,0,0,1,0,0,1
714,0,0,0,0,0,0,0,1,0,0,0,0,0,44550,0,0,0,0,0,0,0,0,1,0,0,0,1,0,0,0,0,0,0,0
715,0,0,0,0,0,0,0,0,1,0,0,0,0,38780,1,0,0,0,0,0,0,0,0,0,0,0,0,0,1,0,1,0,0,1
716,1,0,0,0,0,0,0,1,0,0,1,0,0,34930,0,0,0,0,0,0,0,0,0,0,0,0,0,0,0,0,0,0,0,0
717,0,0,0,1,0,0,0,0,0,0,0,0,0,49920,0,0,0,0,0,0,0,0,1,1,0,0,0,0,1,0,0,1,0,0
718,0,0,0,1,0,0,0,0,0,0,0,0,0,73260,0,0,0,0,0,0,0,0,1,0,0,0,0,0,0,0,0,0,0,0
719,0,0,0,0,0,1,0,0,0,0,0,1,0,5200,0,0,0,0,0,0,0,0,0,0,0,0,0,0,0,0,0,0,0,0
720,1,0,0,0,0,0,1,0,0,0,0,1,0,33480,0,0,0,0,0,0,0,0,0,0,0,0,0,0,0,0,0,0,0,0
721,0,0,0,0,0,0,0,0,0,0,0,0,0,3710,0,0,0,0,0,0,0,0,1,0,0,0,0,0,1,0,0,0,0,0
722,0,0,0,0,0,0,0,0,0,0,0,0,0,51540,0,0,0,0,0,0,0,0,0,1,0,0,1,0,0,0,0,1,0,1
723,0,0,0,1,0,0,0,0,0,0,0,0,0,4740,0,0,0,0,0,0,0,0,0,0,0,0,0,0,1,0,0,0,0,0
724,1,0,0,0,0,0,0,0,0,0,0,0,0,26880,0,0,0,0,0,0,0,0,0,1,0,0,0,0,1,0,0,1,0,0
725,0,0,0,1,0,0,0,0,0,0,1,1,0,51520,1,0,0,1,0,0,0,0,0,0,0,0,0,1,0,0,1,0,0,0
726,0,0,0,1,0,0,0,0,0,0,0,0,0,1440,0,0,0,0,0,0,0,0,0,0,0,0,0,0,0,0,0,0,0,0
727,0,0,0,0,0,0,0,0,0,0,0,0,0,62640,0,0,1,0,0,0,0,0,0,0,0,0,0,0,0,0,1,0,0,1
728,0,1,0,0,0,0,0,0,0,0,0,0,0,59760,1,0,0,0,0,0,0,0,0,0,0,0,0,1,1,0,0,1,0,1
729,0,0,0,0,0,0,0,0,0,0,0,1,0,35210,1,0,0,0,0,0,1,0,0,1,0,0,0,0,0,0,0,0,0,1
730,0,0,0,0,0,0,0,0,0,0,0,0,0,30940,0,0,0,0,0,0,1,0,0,0,0,0,0,0,0,0,0,1,0,0
731,0,0,0,0,0,0,0,0,0,0,0,0,0,54540,0,0,0,0,0,0,0,0,0,0,0,0,0,1,1,0,0,1,0,0
732,1,0,0,0,0,0,0,0,0,0,0,0,0,56960,0,0,0,0,0,0,0,0,0,0,0,0,0,0,0,0,0,0,0,0
733,1,0,0,0,0,0,1,1,0,0,0,0,0,72720,0,0,0,0,0,0,0,0,0,1,0,1,0,0,0,0,1,0,0,0
734,0,0,0,1,0,0,0,0,0,0,0,0,0,40560,0,0,0,0,0,0,0,0,0,0,0,0,0,0,0,0,0,1,0,0
735,1,0,0,0,0,0,0,0,0,0,0,0,0,34140,0,0,0,0,0,0,0,0,0,1,0,0,0,0,0,0,0,0,0,0
736,1,0,0,0,0,1,0,0,0,0,0,0,0,34560,0,0,0,0,0,0,0,0,0,0,0,0,0,0,0,0,1,0,0,0
737,1,0,0,0,0,0,0,0,0,0,0,0,0,42240,0,0,0,0,0,0,0,0,0,0,0,0,0,0,0,0,0,0,0,0
738,0,0,0,1,0,0,0,0,0,0,0,1,1,32200,1,0,0,0,0,0,0,0,0,1,1,0,0,0,0,0,0,0,0,0
739,0,0,0,1,0,0,0,0,0,0,0,0,0,6300,0,0,1,0,0,0,1,1,0,1,0,0,0,0,0,0,0,0,0,0
740,0,0,0,1,0,0,1,0,0,0,0,0,0,47320,0,1,0,0,0,0,0,0,0,1,0,0,0,0,0,0,1,0,0,0
741,0,0,0,1,0,0,0,0,0,0,0,0,0,27200,1,0,1,0,0,0,0,0,0,0,0,0,0,0,0,0,1,0,0,0
742,0,0,0,0,0,1,0,0,0,0,0,0,0,58500,0,0,1,0,0,0,0,0,0,1,0,0,0,0,0,0,0,1,0,1
743,0,0,0,0,0,0,0,0,1,0,0,0,0,52080,0,0,0,0,0,0,0,0,0,0,0,0,0,0,0,0,0,0,0,1
744,0,0,0,0,0,0,0,0,0,0,0,1,0,42420,0,0,0,0,0,0,0,0,0,0,0,0,0,0,0,0,1,0,1,1
745,0,0,0,0,0,0,0,0,0,0,0,0,0,54160,0,1,0,0,0,0,0,0,1,0,0,0,0,0,0,0,1,0,0,1
746,1,0,0,0,0,0,0,0,0,0,0,0,0,20510,0,0,1,0,1,0,0,0,0,1,0,0,0,0,0,0,0,1,0,0
747,1,0,0,0,0,0,0,0,0,0,0,1,0,55600,0,0,0,0,0,0,0,0,0,1,0,1,0,0,0,0,0,1,0,0
748,0,1,0,0,0,0,0,0,0,0,0,0,0,34580,1,0,0,0,0,0,0,0,0,0,0,0,0,0,0,0,0,1,0,0
749,1,0,0,0,0,0,0,1,0,0,0,0,0,57610,0,0,0,1,0,0,0,0,0,0,0,0,0,0,0,0,0,1,0,0
750,0,0,0,1,0,0,0,0,0,0,0,0,0,5840,0,0,1,0,0,0,0,0,0,1,0,0,0,0,0,0,0,0,0,0
751,0,0,0,1,0,0,0,0,0,0,0,0,0,51120,0,0,1,0,0,0,0,0,0,0,0,0,1,0,0,0,0,1,0,0
752,0,0,0,1,0,0,0,0,0,0,0,0,0,28980,0,0,0,0,0,0,0,0,0,0,0,0,0,0,0,0,1,0,0,0
753,1,0,0,0,0,0,0,0,0,0,0,0,0,27660,0,0,1,0,0,0,0,0,0,0,0,0,0,0,0,0,1,0,0,0
754,0,0,0,1,0,0,0,0,1,0,0,0,0,57520,0,0,0,0,0,0,0,0,0,0,0,0,0,1,0,0,0,1,0,0
755,0,1,0,0,0,0,0,1,0,0,1,0,0,61530,0,0,0,0,0,0,0,0,0,1,0,0,0,0,0,0,0,1,0,0
756,1,0,0,0,0,0,0,0,0,0,0,0,0,42720,0,0,0,0,0,0,0,0,1,1,0,0,0,0,0,0,1,0,1,0
757,1,0,0,0,0,0,0,0,0,0,0,0,0,33110,1,0,0,0,0,0,0,0,0,0,0,0,0,0,0,0,1,0,0,0
758,0,0,0,1,0,0,0,1,0,0,0,0,0,59680,0,0,0,0,0,0,0,0,0,0,0,0,0,1,0,0,0,0,0,0
759,0,0,0,1,0,0,0,0,1,0,0,0,0,32240,0,0,1,0,0,0,0,0,0,0,0,0,0,0,0,0,0,0,0,0
760,0,0,0,1,0,0,0,0,0,0,0,0,0,34860,0,0,0,0,1,0,0,0,1,0,0,0,0,0,0,0,0,1,0,0
761,0,0,0,0,0,0,0,1,0,0,0,0,0,43400,1,0,0,0,0,0,0,0,0,0,0,0,0,0,0,0,1,0,0,1
762,0,0,0,0,0,0,1,1,0,0,0,0,0,40500,0,0,0,0,0,0,0,0,0,0,0,0,0,0,0,0,1,0,0,1
763,0,0,0,0,0,1,0,1,0,0,0,0,0,41720,1,0,0,0,0,0,0,0,0,0,0,0,0,0,0,0,0,0,0,1
764,0,0,0,1,0,0,0,0,0,0,0,0,0,44730,0,0,0,0,0,0,0,0,0,0,0,0,1,0,0,0,1,0,0,0
765,1,0,0,0,0,0,0,0,1,0,0,1,0,35000,0,0,0,0,0,0,0,0,0,0,0,0,0,0,0,0,1,0,0,0
766,1,0,0,0,0,0,0,0,0,0,0,0,0,43260,0,0,0,0,0,0,0,0,0,0,0,0,0,1,1,0,1,0,0,0
767,0,0,0,0,0,0,0,0,0,0,0,0,0,46960,0,0,0,0,0,0,0,0,0,0,0,0,0,0,0,0,0,0,0,0
768,0,0,0,1,0,0,0,0,0,0,0,0,0,49350,0,1,0,0,0,0,0,0,0,0,0,0,0,1,0,0,1,0,0,0
769,1,0,0,0,0,0,0,0,0,0,0,0,0,34740,0,0,0,0,1,1,0,0,0,0,0,0,0,0,1,0,0,1,0,0
770,0,0,0,1,0,1,0,0,0,0,0,1,0,42080,0,0,0,0,0,0,0,0,0,1,0,0,0,0,0,1,0,0,0,0
771,0,0,0,1,0,0,0,0,0,0,0,0,0,25200,0,0,0,0,0,0,0,0,0,0,0,0,0,1,0,0,0,1,0,0
772,1,0,0,0,0,0,0,0,1,0,0,1,0,50640,0,0,0,1,0,0,0,0,0,0,0,0,0,0,0,0,0,0,0,0
773,1,0,0,0,0,0,0,0,0,0,0,1,0,30940,1,0,0,0,0,0,0,0,0,1,0,0,0,0,0,0,1,0,0,0
774,0,0,0,1,0,0,0,0,0,0,0,0,0,24640,0,0,0,0,0,0,0,0,0,1,0,0,0,0,0,0,0,1,1,0
775,0,0,0,0,0,0,0,0,0,0,0,0,0,70,0,0,1,1,0,0,0,0,0,1,0,0,0,0,0,0,0,0,0,0
776,0,0,0,1,0,1,0,0,0,0,0,0,0,43820,0,0,0,0,0,0,0,0,0,1,0,0,0,0,1,0,0,0,0,0
777,1,0,0,0,0,0,0,0,0,0,1,1,0,57060,0,0,0,0,0,0,0,0,0,0,0,1,0,0,0,0,1,0,0,0
778,1,0,0,0,0,1,0,0,0,0,0,0,0,40320,0,0,1,0,0,0,0,0,0,1,0,0,0,0,0,0,0,0,0,0
779,0,0,0,1,0,0,0,1,0,0,0,0,0,60660,0,0,0,1,0,0,0,0,0,0,0,1,0,0,0,0,1,0,0,0
780,1,0,0,0,0,0,0,0,0,0,0,0,0,35920,0,0,1,0,0,0,0,0,1,1,0,0,1,0,0,0,0,0,0,0
781,0,0,0,1,0,0,0,0,0,0,0,0,0,46240,0,0,0,0,1,0,0,0,0,0,0,0,0,0,1,1,0,0,0,0
782,0,0,0,1,0,0,0,0,0,0,0,0,0,2380,0,0,0,1,0,0,0,1,0,0,0,0,0,0,1,0,0,0,0,0
783,0,0,0,0,0,0,0,0,0,0,0,0,0,3680,0,0,0,0,0,0,0,0,0,0,0,0,0,0,0,0,0,0,0,0
784,1,0,1,0,0,0,0,1,0,0,0,0,0,26080,0,0,0,0,0,0,0,0,0,1,0,0,0,0,0,0,0,0,0,1
785,0,1,0,0,0,0,0,0,0,0,0,0,0,38500,0,0,0,0,0,0,0,0,0,0,0,0,0,0,0,0,0,0,0,1
786,0,0,0,1,0,0,0,0,0,0,0,0,0,42960,1,0,0,0,0,0,0,0,0,0,0,0,0,0,0,0,1,0,0,0
787,0,0,0,1,0,0,0,0,0,0,1,0,0,22120,1,0,0,0,0,0,0,0,0,0,0,0,0,0,0,0,0,0,0,0
788,0,0,0,0,0,0,0,1,1,0,0,0,1,28980,1,0,0,1,0,0,0,0,0,0,1,0,0,0,0,0,0,0,0,1
789,0,0,0,1,0,1,0,0,0,0,0,0,0,27090,0,1,1,0,0,0,0,0,0,0,0,0,0,1,0,0,1,0,0,0
790,0,0,0,0,0,0,0,0,0,0,0,0,0,4240,0,0,0,1,0,0,0,0,1,0,0,0,0,0,1,0,0,0,0,0
791,1,1,0,0,1,0,0,0,0,0,0,0,0,42930,0,0,0,0,0,0,0,0,0,0,0,0,0,0,0,0,1,0,0,1
792,1,0,0,0,0,0,0,0,0,0,0,0,0,33600,0,0,0,0,1,0,0,0,0,0,0,0,0,1,0,0,1,0,0,0
793,1,0,0,0,0,0,0,1,0,0,0,0,0,46160,0,0,0,0,0,0,0,0,1,0,0,0,0,0,0,0,0,1,0,0
794,0,0,0,1,0,0,0,0,1,1,0,0,0,42120,1,0,1,0,0,0,0,0,0,1,0,0,0,0,0,0,0,0,0,0
795,1,0,0,0,0,0,0,0,0,0,0,0,0,33300,0,0,0,0,0,0,0,0,0,1,0,0,0,0,0,0,0,1,0,0
796,0,0,0,0,0,0,0,0,0,0,0,1,0,67440,0,1,0,0,0,0,0,0,1,0,0,0,0,0,0,0,1,0,0,1
797,0,0,0,1,0,0,1,0,0,0,0,0,0,21490,0,0,1,0,0,0,0,0,0,0,0,0,0,0,0,0,0,1,0,0
798,0,0,0,0,0,0,0,0,0,0,0,0,0,39620,0,0,0,0,1,0,0,0,0,0,0,0,0,0,0,0,0,1,1,0
799,0,0,0,0,0,0,0,0,0,0,0,1,0,2640,0,0,0,0,1,0,0,0,0,0,0,0,0,1,0,0,0,0,0,0
800,0,0,0,1,0,0,0,0,0,0,0,0,0,24360,1,0,0,0,0,0,0,0,0,0,0,0,0,0,0,1,1,0,0,0
801,0,0,0,1,0,0,0,0,0,0,0,0,0,63600,0,0,1,0,1,0,0,0,0,0,0,0,0,0,0,0,1,0,0,0
802,1,0,0,0,0,0,0,0,0,0,0,0,0,44800,1,0,0,0,0,0,0,1,0,0,0,0,0,0,1,0,0,0,0,0
803,0,0,1,1,0,1,0,0,0,0,0,0,0,56980,0,0,1,0,0,0,0,0,1,0,0,0,0,0,0,0,1,0,0,1
804,0,0,0,0,0,0,1,0,0,0,0,0,0,3600,0,0,0,0,0,0,0,0,0,1,0,0,0,0,0,0,0,0,0,0
805,0,0,0,1,0,0,0,0,0,1,0,1,0,33600,0,0,0,0,0,0,0,0,1,1,0,0,0,0,0,0,1,0,0,0
806,0,0,0,0,0,0,0,1,0,0,0,0,0,36540,1,0,0,0,0,0,0,0,0,0,0,0,0,0,0,0,0,1,0,0
807,0,0,0,1,0,0,0,0,0,0,0,0,0,49200,0,0,0,0,0,0,0,0,0,0,0,0,0,0,0,0,1,0,0,0
808,1,0,0,0,0,0,0,0,0,0,0,0,0,54740,0,0,0,0,0,0,0,0,0,0,0,0,0,0,1,0,0,1,0,0
809,0,0,0,0,0,0,0,0,0,0,0,0,0,32200,0,0,0,0,0,0,0,0,0,0,0,0,0,1,0,0,1,0,0,1
810,1,0,0,0,0,0,0,0,0,0,0,1,0,44380,0,0,0,0,0,0,0,0,0,0,0,0,1,0,0,0,0,1,0,0
811,0,0,0,1,0,0,0,0,0,0,0,0,0,3640,0,0,0,0,0,0,0,1,1,1,0,0,0,0,0,0,0,0,0,0
812,0,1,0,1,0,0,0,0,0,0,0,0,0,42480,0,0,1,0,0,0,0,0,1,0,0,0,0,1,0,0,0,0,0,1
813,0,0,0,1,0,0,0,0,0,0,0,0,0,2560,0,0,0,0,0,0,0,0,0,1,0,0,0,0,0,1,0,0,0,0
814,1,0,0,0,0,0,0,0,0,0,0,1,0,43740,0,0,0,1,0,0,0,0,1,0,0,0,0,1,0,0,0,0,0,0
815,1,0,0,0,0,1,1,0,0,0,0,0,0,49490,0,0,0,0,0,0,1,0,0,0,0,0,0,0,0,0,1,0,0,0
816,0,0,0,1,0,0,0,1,0,0,0,0,0,43760,1,0,0,0,0,0,0,0,0,0,0,0,0,0,0,0,0,1,0,0
817,0,0,0,0,0,0,0,0,0,0,0,0,0,54400,0,0,0,0,0,0,0,0,0,0,0,0,0,0,0,0,1,0,0,1
818,0,0,0,0,0,0,0,1,0,0,0,0,0,2870,1,0,0,0,0,0,0,1,0,1,0,0,0,0,0,0,0,0,0,0
819,0,0,0,1,0,0,0,0,0,0,0,0,0,44720,0,0,0,0,0,0,1,0,0,0,0,0,0,0,0,0,0,1,0,0
820,0,0,0,0,0,0,0,0,0,0,0,1,0,5040,0,0,0,0,0,1,0,0,0,0,0,0,0,1,0,0,0,0,0,0
821,0,0,0,1,0,0,0,0,0,0,0,0,0,32800,0,0,1,0,0,0,0,0,0,0,0,0,0,0,0,0,0,1,0,0
822,0,0,0,1,0,0,1,0,0,0,0,0,1,48480,0,0,1,0,0,0,1,0,0,1,1,0,0,0,0,0,0,0,0,0
823,0,0,0,0,0,1,0,0,0,0,0,0,0,53480,0,0,1,0,0,0,0,0,0,0,0,0,0,0,0,0,0,0,0,1
824,1,0,0,0,0,0,1,0,0,0,0,0,0,37100,0,0,1,0,0,0,0,0,0,0,0,0,0,0,0,0,1,0,0,0
825,1,0,0,0,0,1,0,0,0,0,0,0,0,41680,0,0,0,0,0,0,0,0,0,0,0,1,0,0,0,0,0,0,0,0
826,0,0,0,1,0,0,0,0,0,0,0,1,0,41300,0,0,0,0,0,0,0,0,0,0,0,0,0,0,0,0,0,0,0,0
827,1,0,0,0,0,0,0,0,0,0,0,0,0,52290,0,0,0,0,0,0,0,0,0,1,0,0,0,0,0,0,0,1,0,0
828,0,0,0,0,0,0,0,0,0,0,0,1,0,42350,0,0,0,0,0,1,0,0,0,0,0,0,0,0,0,0,1,0,0,0
829,1,0,1,0,0,0,0,0,0,0,0,0,0,61760,0,0,0,0,0,0,0,0,1,0,0,0,0,0,0,0,0,1,0,1
830,1,0,0,0,0,0,0,0,1,0,1,1,0,44400,0,0,0,0,0,0,0,0,0,0,0,0,0,0,0,0,0,1,0,0
831,0,0,0,0,0,0,0,0,0,0,0,0,0,50240,0,0,0,0,0,1,0,0,0,0,0,0,0,0,1,0,1,0,0,1
832,0,0,0,1,0,0,0,0,0,0,0,1,0,3420,0,0,0,0,0,0,0,0,0,0,0,0,0,1,0,0,0,0,0,0
833,1,0,0,0,0,0,0,0,0,0,0,0,0,45200,0,0,0,0,0,0,0,0,0,1,0,1,0,0,1,0,1,0,0,0
834,0,0,0,1,0,0,0,1,0,0,0,0,0,3920,0,1,0,0,0,0,0,0,0,0,0,0,0,0,0,0,0,0,0,0
835,0,0,0,1,0,0,0,1,0,0,0,0,0,6300,0,0,0,0,0,0,0,0,0,0,0,0,0,0,0,0,0,0,0,0
836,1,0,0,0,0,0,0,0,0,0,0,0,0,56880,0,0,0,0,0,0,0,0,0,0,0,0,0,1,1,0,1,0,0,0
837,0,0,0,0,0,0,0,0,0,0,0,0,0,4320,0,0,0,0,0,1,0,0,0,0,0,0,0,0,1,0,0,0,0,1
838,0,0,0,0,0,0,0,0,0,0,0,0,0,37360,0,0,0,0,1,0,0,0,0,0,0,0,0,0,0,0,0,1,0,1
839,0,0,0,0,0,0,0,0,0,0,1,1,0,36120,0,1,0,0,0,0,0,0,0,0,0,0,0,0,0,0,1,0,0,0
840,0,0,0,0,0,0,0,0,0,0,0,1,0,4200,0,0,0,0,0,0,0,1,0,0,0,0,0,0,0,0,0,0,0,0
841,0,0,0,1,0,0,1,0,0,1,0,0,0,38010,0,1,0,0,0,0,0,0,0,0,0,0,0,0,0,0,1,0,0,0
842,0,0,0,1,0,0,0,0,0,0,0,0,0,3870,0,1,0,1,0,0,0,0,0,1,0,0,0,0,0,0,0,0,0,0
843,0,0,0,0,0,0,0,1,0,0,0,0,0,48090,0,0,0,0,0,0,1,0,1,0,0,0,0,0,0,0,0,0,0,1
844,0,0,0,1,0,0,0,0,0,0,0,1,0,27860,0,0,0,0,0,0,0,0,0,0,0,0,0,1,0,1,0,1,0,0
845,0,0,1,0,0,0,0,0,0,0,0,1,0,43680,0,0,0,0,1,0,0,0,1,0,0,0,0,0,0,0,0,1,0,1
846,1,0,0,0,0,0,0,0,0,0,0,0,0,36890,0,0,1,0,0,0,0,0,0,0,0,0,0,1,0,0,0,1,0,0
847,0,0,0,1,0,0,0,0,0,0,0,0,0,53340,0,0,1,0,0,0,0,0,0,0,0,0,0,0,0,0,0,1,0,0
848,0,0,0,0,0,1,1,0,0,0,0,1,0,58410,0,0,0,0,0,0,0,0,0,0,0,0,0,0,0,0,0,1,0,1
849,0,0,0,0,0,0,0,1,0,0,0,0,0,4560,0,0,0,0,0,0,0,0,0,0,0,0,0,0,0,0,0,0,0,0
850,1,0,0,0,0,0,0,0,0,0,0,0,0,77670,0,0,1,0,0,0,0,0,0,0,0,0,0,0,0,0,0,1,0,0
851,0,0,0,0,0,0,0,0,0,0,0,0,0,32760,0,0,1,0,0,1,0,0,0,0,0,0,0,0,0,1,0,1,0,1
852,1,0,0,0,0,0,0,1,0,0,0,0,0,42240,0,0,0,0,0,0,0,0,0,0,0,0,0,0,0,0,0,1,0,0
853,0,0,1,1,0,0,0,0,0,0,0,0,0,60720,0,0,0,0,0,0,0,0,0,1,0,0,1,0,0,0,0,0,0,0
854,1,0,0,0,0,0,0,1,0,1,0,0,0,46320,1,0,0,0,0,0,0,0,0,1,0,0,0,0,0,0,0,1,0,0
855,1,0,0,0,0,0,0,0,0,0,0,1,0,38430,0,0,0,0,1,0,0,0,0,0,0,0,0,0,0,0,1,0,0,0
856,0,0,0,1,0,0,0,0,0,0,0,1,0,52960,0,1,0,1,0,0,0,0,0,1,0,0,0,0,0,0,0,1,0,0
857,0,0,0,1,0,0,0,0,0,0,0,0,0,42720,0,1,0,0,0,0,0,0,0,0,0,0,0,0,0,0,0,0,0,0
858,0,0,0,1,0,0,0,0,0,0,0,0,0,29750,1,0,0,1,0,0,0,0,0,0,0,0,0,0,1,0,0,1,0,0
859,1,0,0,0,0,0,0,0,0,0,0,1,0,35600,0,0,0,0,0,0,0,0,0,0,0,0,0,0,0,0,0,1,0,0
860,0,0,0,1,0,0,0,0,0,0,0,1,0,37450,0,0,0,0,0,0,0,0,0,0,0,0,0,0,0,0,1,0,0,0
861,0,0,0,1,0,0,0,0,0,0,0,0,0,65920,0,0,0,0,0,0,0,0,1,0,0,0,0,0,0,0,0,1,0,0
862,0,0,0,1,0,0,0,0,0,0,0,0,0,40680,1,0,0,0,0,0,0,0,0,1,0,0,0,0,1,0,1,0,0,0
863,0,0,0,1,0,0,0,0,0,0,0,0,0,59360,0,0,0,0,1,0,0,0,0,0,0,0,0,0,1,1,0,0,0,0
864,1,0,0,0,0,0,0,0,0,0,0,0,0,36890,0,0,0,0,0,0,0,0,0,1,0,0,0,0,0,0,0,0,0,0
865,0,0,0,0,0,0,0,0,0,0,0,0,0,47740,0,0,0,0,0,0,0,0,0,0,0,0,0,0,1,0,1,0,0,1
866,0,0,0,1,0,0,0,0,0,0,0,0,0,49700,0,0,0,0,1,0,0,0,0,0,0,0,0,0,0,0,0,0,0,0
867,1,0,0,0,0,0,0,0,0,0,0,0,0,41510,0,0,1,0,0,0,0,0,0,0,0,1,0,0,0,0,1,0,0,0
868,0,0,1,1,0,0,0,0,0,0,0,0,0,46830,1,0,0,0,0,0,0,0,0,0,0,0,0,0,1,0,0,0,0,1
869,0,0,0,0,0,0,0,0,0,0,0,0,0,29680,0,0,0,0,0,0,0,0,0,0,0,1,0,0,0,0,1,0,0,1
870,1,0,0,0,0,0,0,0,0,0,0,0,1,52780,0,0,1,0,0,0,0,0,0,0,0,1,0,0,0,0,0,0,0,0
871,0,0,0,1,0,0,0,0,0,0,0,0,0,2940,0,0,0,0,0,0,0,0,0,1,0,0,0,0,0,0,0,0,0,0
872,0,0,1,0,0,0,0,1,0,0,0,0,0,40950,0,0,0,0,0,0,0,0,0,0,0,0,0,0,0,0,0,1,0,1
873,0,0,0,0,0,0,0,0,0,0,0,1,0,26880,0,0,0,0,1,0,0,1,0,1,0,0,0,0,0,0,1,0,0,0
874,0,0,0,1,0,0,0,0,0,0,0,0,0,46270,0,1,0,0,0,0,0,0,0,0,0,0,0,0,0,0,0,1,0,0
875,0,0,0,0,0,0,0,0,0,0,0,0,0,35360,0,0,0,1,0,0,0,0,0,0,0,0,0,0,0,0,0,1,0,1
876,0,0,0,0,0,0,0,0,0,0,0,0,0,5390,0,1,0,0,0,0,0,0,1,1,0,0,0,0,0,0,0,0,0,0
877,1,0,0,0,0,0,0,0,0,0,0,0,0,40960,0,0,0,0,0,0,0,0,0,0,0,0,0,0,1,0,0,0,0,0
878,0,0,0,0,0,0,0,0,0,0,0,0,0,38080,0,0,1,0,0,0,0,0,0,0,0,0,1,0,0,0,1,0,0,1
879,1,0,0,0,0,0,0,0,0,0,0,0,0,39040,0,0,0,0,0,0,0,0,0,0,0,0,0,0,1,0,0,0,0,0
880,0,0,0,0,0,0,0,1,0,0,0,0,0,53840,0,0,0,0,0,0,0,0,0,0,0,0,0,1,0,1,0,0,0,1
881,0,0,0,0,0,0,0,1,0,0,0,0,0,26720,0,0,0,0,0,0,0,0,0,0,0,1,0,1,0,0,1,0,0,1
882,1,0,0,0,0,0,0,0,0,0,0,0,0,54530,0,0,1,0,0,0,0,0,0,0,0,0,0,0,0,0,1,0,0,0
883,0,0,0,0,0,0,0,0,0,0,0,0,0,29890,0,0,1,0,0,1,0,0,0,1,0,0,0,0,0,0,0,1,0,1
884,0,0,0,1,0,0,0,0,0,0,0,0,0,40880,0,0,1,0,0,0,0,0,0,1,0,0,0,0,0,0,0,0,0,0
885,1,0,0,0,0,0,0,0,0,0,0,0,0,53120,0,0,0,0,0,0,0,0,0,0,0,0,0,0,0,0,1,0,0,0
886,1,0,0,0,0,0,1,0,0,0,0,0,0,48020,0,0,0,0,0,0,0,0,0,0,0,0,0,0,1,0,0,0,0,0
887,0,0,0,1,0,0,0,0,0,0,0,0,1,5120,1,0,0,0,1,0,0,0,0,0,1,0,0,1,0,0,0,0,0,0
888,0,0,1,0,0,0,0,1,0,0,0,0,0,42420,0,0,0,0,0,0,0,0,0,0,0,0,0,0,0,0,1,0,0,0
889,0,0,0,0,0,1,1,0,0,0,0,0,0,40960,0,0,1,0,0,0,0,0,1,0,0,0,0,1,0,0,0,1,0,0
890,1,0,0,0,0,0,0,0,0,0,0,0,0,38000,0,0,0,0,0,0,0,0,0,0,0,0,0,0,1,0,0,1,0,0
891,1,0,0,0,0,0,0,0,0,1,0,0,0,37730,0,0,0,0,0,0,1,0,0,0,0,0,0,0,1,0,1,0,0,0
892,0,0,0,0,0,0,0,0,0,0,0,0,0,1980,0,0,0,0,0,0,0,0,1,1,0,0,0,0,0,0,0,0,1,0
893,0,0,0,1,0,0,0,0,0,0,1,0,0,6210,0,0,0,0,0,0,0,0,0,0,0,0,0,0,0,0,0,0,0,0
894,0,0,0,1,0,0,0,0,0,0,0,0,0,4000,0,0,1,0,0,0,0,0,0,0,0,0,0,0,0,0,0,0,0,0
895,0,0,0,0,0,0,0,0,0,0,0,1,0,38640,0,0,0,0,1,0,0,0,0,1,0,0,0,0,0,0,0,0,0,1
896,0,0,0,0,0,0,0,0,0,0,0,1,0,5280,0,0,0,0,0,0,0,0,0,0,0,0,0,0,0,0,0,0,0,0
897,0,0,0,1,0,0,0,0,0,0,0,1,0,41160,0,0,0,0,0,0,0,0,0,0,0,0,0,0,0,0,0,0,0,0
898,0,0,0,0,0,0,0,0,0,0,0,0,0,47360,0,0,0,0,0,0,0,1,0,1,0,0,0,0,0,0,1,0,0,0
899,0,0,0,1,0,0,1,0,0,0,0,1,0,3290,0,0,0,0,0,0,0,0,0,0,0,0,0,0,0,0,0,0,0,0
900,1,0,0,0,0,0,0,0,0,0,0,0,0,55520,0,0,0,0,0,0,0,0,0,0,0,0,0,0,0,1,0,1,0,0
901,1,0,0,0,0,0,0,0,0,0,0,1,0,32400,0,0,0,0,0,0,0,0,0,0,0,0,0,0,0,0,0,1,0,0
902,0,0,0,1,0,0,0,0,0,0,0,0,1,45000,0,0,0,0,0,0,0,0,0,0,0,1,1,0,1,0,0,1,0,0
903,0,0,0,1,0,1,0,1,0,0,0,0,0,44880,0,0,0,0,1,0,0,0,0,1,0,0,0,0,0,0,0,1,0,0
904,1,0,0,0,0,0,0,0,0,1,0,0,0,58870,0,0,0,1,0,0,0,0,0,0,0,0,0,1,0,0,0,1,0,0
905,0,0,0,0,0,0,0,0,0,0,0,0,0,51440,0,0,0,0,0,0,0,0,0,0,0,0,0,1,1,0,0,1,0,1
906,0,0,0,0,0,0,0,0,0,0,0,1,0,51520,0,0,0,0,0,0,1,0,0,0,0,0,0,0,0,0,1,0,0,0
907,0,0,0,1,0,0,0,0,0,0,0,0,0,64720,0,0,0,0,0,0,0,0,0,1,0,0,0,0,0,0,0,0,0,0
908,0,0,0,1,0,0,0,0,0,0,0,0,1,4500,0,0,1,0,0,0,0,0,0,1,1,0,0,0,0,0,0,0,0,0
909,1,0,0,0,0,0,0,0,0,0,0,0,0,21490,0,0,1,0,0,0,0,0,1,0,0,1,0,0,0,0,1,0,0,0
910,0,0,0,1,0,0,0,1,0,0,0,0,0,26040,1,0,0,0,0,0,0,0,0,0,0,0,0,0,0,0,0,1,0,0
911,1,0,0,0,0,0,0,0,0,0,0,0,0,43620,0,0,0,0,0,0,0,0,0,1,0,0,0,0,1,0,0,0,0,0
912,0,0,0,0,0,0,0,0,0,0,0,0,0,31040,0,0,1,0,0,0,0,0,1,0,0,0,0,0,0,0,1,0,0,1
913,0,0,0,1,0,0,1,0,0,0,0,0,1,71820,0,0,1,0,0,0,0,0,0,1,0,0,0,0,0,0,0,1,0,0
914,0,1,0,0,0,0,0,0,0,0,0,1,1,43680,0,0,0,0,0,0,0,0,0,0,0,0,0,0,0,0,0,0,0,0
915,0,0,1,0,0,0,0,1,0,0,0,0,0,63280,0,0,0,0,0,0,0,0,0,0,0,0,0,0,0,0,1,0,0,1
916,0,0,0,0,0,0,0,0,0,0,0,0,1,2800,0,0,0,0,0,0,0,0,0,0,1,0,0,0,0,0,0,0,0,0
917,0,0,1,0,0,0,0,0,0,0,0,0,0,41760,0,0,1,1,0,0,0,0,0,0,0,0,0,0,0,0,0,1,0,0
918,0,0,0,1,0,0,0,1,0,0,0,0,0,50640,1,0,0,0,0,0,0,0,0,0,0,0,0,0,0,0,0,0,0,0
919,0,0,1,1,0,0,0,0,0,0,0,1,0,55280,0,0,0,0,0,0,0,0,0,0,0,0,0,0,0,0,1,0,0,1
920,1,0,0,0,0,0,0,0,0,0,0,0,0,32160,0,0,1,0,0,0,0,0,0,1,0,0,0,0,0,0,1,0,0,0
921,0,0,0,1,0,0,0,1,0,0,0,0,0,41600,1,0,0,0,0,0,1,0,0,0,0,0,0,0,0,0,1,0,0,0
922,0,0,0,1,0,0,0,1,0,0,0,0,0,1960,0,0,0,0,0,0,0,0,0,1,0,0,0,0,0,0,0,0,0,0
923,1,0,0,0,0,0,0,0,1,0,0,0,0,55120,0,0,1,0,0,0,0,0,0,0,0,0,0,0,0,0,1,0,0,0
924,0,0,0,1,0,0,0,1,0,0,0,0,1,23760,0,0,0,0,0,0,0,0,0,1,0,1,0,0,0,0,1,0,0,0
925,0,0,0,1,0,0,0,0,0,0,0,0,0,2580,0,0,0,0,0,0,0,0,0,0,0,0,0,1,0,1,0,0,0,0
926,1,0,0,0,1,0,0,0,0,0,0,1,0,66560,0,0,0,0,0,0,0,0,1,0,0,0,0,0,0,1,0,0,0,1
927,0,0,0,0,0,0,0,0,0,0,0,0,0,54320,0,0,0,0,0,0,0,0,1,0,0,0,0,0,0,0,0,0,0,1
928,0,0,0,0,0,0,0,0,0,0,0,0,0,3360,0,0,0,0,0,1,0,0,0,0,0,0,0,1,1,0,0,0,0,0
929,0,0,0,0,0,0,0,0,0,0,0,0,0,35000,0,0,1,0,0,0,0,0,0,0,0,0,0,0,0,0,0,1,1,1
930,0,0,0,0,0,0,0,0,0,0,0,0,0,39600,0,0,0,0,0,0,0,0,0,0,0,0,0,0,0,0,1,0,0,1
931,1,0,0,0,0,0,0,0,0,0,0,0,0,49120,1,0,0,0,0,0,0,0,0,0,0,0,0,0,0,0,0,1,0,0
932,0,0,0,1,0,0,1,0,0,0,0,0,1,35980,0,0,0,0,0,0,0,0,0,0,1,0,0,0,1,0,0,1,0,0
933,0,0,0,1,0,0,0,0,0,0,1,0,0,32520,0,1,0,0,0,0,0,0,1,0,0,0,0,0,0,0,0,1,0,0
934,0,0,0,0,0,0,0,0,0,0,0,1,0,40740,1,0,0,0,1,0,1,0,0,0,0,0,0,1,0,0,1,0,0,0
935,1,1,0,0,0,0,0,0,0,0,0,0,0,47320,0,0,0,0,0,0,0,0,0,1,0,0,0,0,0,0,0,1,0,1
936,0,0,0,1,0,0,0,0,0,0,0,0,1,42720,0,0,0,0,0,0,0,0,0,0,0,0,0,0,1,0,0,0,0,0
937,1,0,0,0,0,0,0,1,1,0,0,0,0,43080,0,0,0,0,0,0,0,0,0,0,0,0,0,1,0,0,0,0,0,0
938,0,0,0,0,0,0,0,0,0,0,0,1,0,59710,0,0,0,0,0,0,0,0,0,0,0,0,0,0,0,0,0,0,0,1
939,0,0,0,0,0,0,0,0,0,0,0,0,0,38850,0,0,0,0,0,0,0,0,0,0,0,0,0,0,0,0,1,0,0,1
940,0,0,0,1,0,0,1,0,0,0,0,1,0,3870,0,0,0,0,0,0,0,0,0,0,0,0,0,0,0,0,0,0,0,0
941,0,0,0,0,0,1,0,0,0,0,0,0,0,29820,0,0,0,0,0,0,0,0,0,0,0,0,0,0,0,0,0,1,0,0
942,0,0,0,1,0,1,0,0,0,0,0,1,0,2730,0,0,0,0,0,0,0,0,0,0,0,0,0,0,0,0,0,0,0,0
943,0,0,0,1,0,0,0,0,0,0,0,1,0,54950,0,0,0,0,1,0,0,0,0,0,0,0,0,0,0,0,0,0,0,0
944,1,0,0,0,0,0,0,0,0,0,0,1,0,55090,0,0,0,0,0,0,0,0,0,0,0,0,0,0,0,0,0,1,0,0
945,1,0,0,0,0,0,0,0,0,0,0,1,0,45360,0,0,0,0,0,0,0,0,0,0,0,0,1,0,0,0,0,0,1,0
946,0,0,0,0,0,0,0,1,1,0,0,0,0,47700,0,0,0,0,0,1,0,0,0,1,0,0,0,0,0,0,0,1,0,1
947,0,0,0,1,0,0,0,0,0,0,0,1,0,33880,0,0,0,0,0,0,0,0,1,1,0,0,0,0,0,0,0,1,0,0
948,1,0,0,0,0,0,0,0,0,0,0,0,0,40560,0,0,1,0,0,0,0,0,1,1,0,0,0,0,0,0,0,0,0,0
949,1,0,0,0,0,0,0,1,0,0,0,0,0,45440,0,0,0,1,0,0,0,0,0,1,0,0,0,0,0,0,0,1,0,0
950,0,0,0,1,0,0,0,0,0,0,0,0,0,3760,1,0,0,0,0,0,0,0,0,0,0,0,0,0,0,1,0,0,0,0
951,1,0,0,0,0,0,0,0,0,0,0,0,0,46160,0,1,1,0,0,0,0,0,1,0,0,0,0,0,0,0,0,1,0,0
952,1,0,0,0,0,0,0,0,0,0,0,1,0,59680,0,0,0,0,0,0,0,0,0,0,0,0,1,1,0,0,0,0,0,0
953,0,0,0,1,0,1,0,0,0,0,0,0,0,3360,0,1,1,0,0,0,0,0,0,1,0,0,0,0,0,0,0,0,0,0
954,0,0,0,1,0,0,1,0,0,0,0,0,1,35140,0,0,0,0,0,0,0,0,0,1,0,0,0,0,1,0,1,0,1,0
955,1,0,0,0,0,0,1,0,0,0,0,0,0,31570,0,0,0,0,0,0,0,0,0,0,0,0,0,0,0,0,0,1,0,0
956,1,0,0,0,0,0,0,0,0,0,0,0,0,52920,0,0,1,0,0,0,0,0,1,0,0,0,0,0,0,0,0,1,0,0
957,0,0,0,1,0,0,0,0,0,0,0,0,0,54810,0,0,0,0,0,0,0,0,0,1,0,1,0,0,1,0,1,0,0,0
958,0,0,0,0,0,0,0,1,0,0,0,0,0,33600,0,0,0,0,0,0,0,0,1,0,0,0,0,0,0,0,0,0,0,0
959,0,0,0,1,0,0,0,0,0,0,0,0,0,2100,0,0,0,0,0,0,0,0,0,0,0,0,0,1,0,0,0,0,0,0
960,0,0,0,1,0,0,0,0,0,0,0,0,0,40040,0,0,0,0,0,0,0,0,0,0,0,0,0,0,0,0,1,0,0,0
961,0,0,0,0,0,0,0,0,0,0,0,0,0,5520,0,0,0,0,0,0,0,0,0,0,0,0,0,1,0,0,0,0,0,0
962,1,0,0,0,0,0,0,0,0,0,0,0,0,55440,0,0,0,0,0,0,0,0,0,0,0,0,0,1,0,0,1,0,0,0
963,0,0,0,1,0,0,0,0,0,0,0,0,0,3360,0,0,0,0,0,0,0,0,0,1,0,1,0,0,1,0,0,0,0,0
964,0,1,0,1,0,1,1,0,0,0,0,1,0,2730,0,0,0,0,0,0,0,0,0,1,0,0,0,0,0,0,0,0,0,1
965,0,0,0,1,0,0,0,0,0,0,0,0,0,72320,0,0,0,0,0,0,1,0,1,0,0,0,1,0,1,0,0,0,0,0
966,0,0,0,1,0,0,0,0,0,0,0,1,0,44030,0,0,0,0,0,0,0,0,0,0,0,0,0,0,0,0,1,0,0,0
967,0,0,0,0,0,0,0,0,0,0,0,1,0,37940,0,0,0,0,0,0,0,0,0,0,0,0,0,0,0,0,1,0,0,1
968,0,0,0,0,0,0,0,0,0,0,0,0,0,36260,0,0,0,1,0,0,0,0,0,0,0,0,0,0,1,0,0,1,0,0
969,0,0,0,0,0,0,0,0,0,0,0,0,0,4800,0,0,0,0,0,0,0,0,0,0,0,0,0,0,0,0,0,0,0,0
970,1,0,0,0,0,0,0,0,0,0,0,0,0,53920,0,0,0,1,0,0,0,0,0,0,0,0,0,0,0,0,0,1,0,0
971,1,0,0,0,0,0,0,0,0,0,0,0,0,47460,0,0,1,0,0,0,0,0,0,0,0,0,0,1,0,0,0,0,0,0
972,0,0,0,0,0,0,0,1,0,0,0,0,0,38780,1,0,0,0,0,0,0,0,0,0,0,0,0,0,0,0,1,0,0,1
973,0,0,0,0,0,0,0,0,0,0,0,1,0,34370,0,1,0,1,0,0,0,0,0,0,0,0,0,0,0,0,1,0,0,1
974,0,0,0,0,0,0,0,1,0,0,0,0,0,75600,0,0,0,0,0,0,0,0,0,0,0,0,0,0,0,1,0,1,0,1
975,1,0,0,0,0,0,0,0,0,0,0,1,0,48400,0,0,0,0,0,0,0,0,0,0,0,0,0,1,0,0,1,0,0,0
976,0,0,0,0,0,0,1,0,0,0,0,0,0,49280,0,0,0,0,0,0,0,0,0,1,0,0,0,0,0,0,0,1,0,0
977,0,0,0,0,0,0,0,0,0,0,0,0,0,39960,0,0,0,0,0,0,0,0,0,1,0,0,0,0,1,0,0,1,0,1
978,1,0,0,0,0,0,1,0,0,0,1,0,0,53830,0,0,0,0,0,0,0,0,0,0,0,0,0,0,0,0,0,0,0,0
979,1,0,0,0,0,0,0,0,0,1,0,0,0,34720,0,0,1,0,0,0,0,0,1,0,0,0,0,0,0,0,1,0,0,0
980,0,0,0,1,0,0,0,0,0,0,0,0,0,67230,0,0,0,0,0,0,1,0,0,0,0,0,1,0,0,0,1,0,0,0
981,1,0,0,0,0,0,0,0,0,0,1,0,0,42770,1,0,0,0,0,0,0,0,0,0,0,0,1,0,0,0,0,0,0,0
982,0,1,0,1,0,0,0,0,0,0,0,0,0,36330,0,0,0,0,0,0,0,0,0,0,0,0,0,0,1,0,0,0,0,1
983,0,0,0,0,0,0,0,0,1,0,0,0,0,2580,0,0,0,0,0,0,0,0,0,0,0,0,0,0,0,0,0,0,0,0
984,1,1,0,0,0,0,0,0,0,0,0,0,0,34260,0,0,0,0,0,0,0,0,0,1,0,0,0,0,0,0,0,1,0,0
985,0,0,0,0,0,0,0,1,0,0,0,0,0,61520,0,0,0,0,0,0,0,0,0,1,0,0,0,0,0,0,0,1,0,0
986,0,0,0,1,0,0,0,0,0,0,0,0,0,53900,1,0,1,0,0,0,0,0,0,1,0,0,1,0,0,0,1,0,0,1
987,0,0,0,0,0,0,1,0,0,0,0,0,0,41760,0,0,0,0,0,0,0,0,0,0,0,0,0,0,1,0,0,1,1,1
988,0,0,0,1,0,0,0,1,0,0,0,0,1,42490,0,0,0,0,1,0,0,0,0,0,1,0,0,0,0,0,1,0,0,0
989,1,0,0,0,0,0,0,0,0,0,0,0,0,47360,0,0,0,0,0,0,0,1,0,0,0,0,0,0,0,0,1,0,0,0
990,0,0,0,1,0,0,0,0,0,0,0,0,0,26670,0,0,0,0,0,0,0,0,0,0,0,0,0,0,0,0,1,0,0,0
991,1,0,0,0,0,0,0,0,0,0,0,0,0,41760,0,0,0,0,0,0,0,0,0,1,0,0,0,0,1,0,1,0,0,0
992,0,0,0,0,0,0,0,0,0,0,0,0,0,25690,0,0,0,0,0,0,1,0,0,0,0,0,0,0,0,0,0,0,0,0
993,1,0,0,0,0,1,0,0,0,0,0,0,0,48160,0,0,0,0,0,0,1,0,0,0,0,0,0,0,0,0,0,1,0,0
994,0,0,0,1,0,0,0,0,0,0,0,1,1,4860,0,0,0,0,0,0,0,0,0,0,1,0,0,0,0,0,0,0,0,0
995,0,0,0,1,0,0,1,0,0,0,0,0,1,61040,0,0,0,0,0,0,0,0,1,0,0,0,0,0,0,0,0,0,0,0
996,0,0,0,0,0,1,0,1,0,0,0,0,0,72320,0,0,0,0,0,0,0,0,0,0,0,0,0,0,0,0,1,0,0,0
997,0,0,0,1,0,0,0,0,0,0,0,0,0,52500,0,0,0,0,1,0,0,0,1,0,0,0,0,0,1,0,0,1,0,0
998,0,0,0,0,0,0,0,1,0,0,0,0,0,36540,0,0,0,0,0,1,0,0,0,0,0,0,1,0,0,0,1,0,0,0
999,0,0,0,1,0,0,0,0,0,0,0,0,0,3680,0,0,0,0,0,0,0,0,0,1,0,0,0,0,0,0,0,0,0,0
